SACC code(a),Country of citizenship(a),2016-09-01 00:00:00,2016-10-01 00:00:00,2016-11-01 00:00:00,2016-12-01 00:00:00,2017-01-01 00:00:00,2017-02-01 00:00:00,2017-03-01 00:00:00,2017-04-01 00:00:00,2017-05-01 00:00:00,2017-06-01 00:00:00,2017-07-01 00:00:00,2017-08-01 00:00:00,2017-09-01 00:00:00,2017-10-01 00:00:00,2017-11-01 00:00:00,2017-12-01 00:00:00,2018-01-01 00:00:00,2018-02-01 00:00:00,2018-03-01 00:00:00,2018-04-01 00:00:00,2018-05-01 00:00:00,2018-06-01 00:00:00,2018-07-01 00:00:00,2018-08-01 00:00:00,2018-09-01 00:00:00,2018-10-01 00:00:00,2018-11-01 00:00:00,2018-12-01 00:00:00,2019-01-01 00:00:00,2019-02-01 00:00:00,2019-03-01 00:00:00,2019-04-01 00:00:00,2019-05-01 00:00:00,2019-06-01 00:00:00,2019-07-01 00:00:00,2019-08-01 00:00:00,2019-09-01 00:00:00,2019-10-01 00:00:00,2019-11-01 00:00:00,2019-12-01 00:00:00,2020-01-01 00:00:00,2020-02-01 00:00:00,2020-03-01 00:00:00,2020-04-01 00:00:00,2020-05-01 00:00:00,2020-06-01 00:00:00,2020-07-01 00:00:00,2020-08-01 00:00:00,2020-09-01 00:00:00,2020-10-01 00:00:00,2020-11-01 00:00:00,2020-12-01 00:00:00,2021-01-01 00:00:00,2021-02-01 00:00:00,2021-03-01 00:00:00,2021-04-01 00:00:00,2021-05-01 00:00:00,2021-06-01 00:00:00
1101,Australia,866140.0,701180.0,655800.0,956990.0,732790.0,540330.0,665680.0,809460.0,737500.0,875110.0,843030.0,783000.0,931340.0,708050.0,695780.0,981710.0,747560.0,551210.0,747370.0,801130.0,770910.0,913330.0,885390.0,826310.0,951390.0,758530.0,717530.0,1039260.0,780980.0,555740.0,690820.0,885880.0,798700.0,905070.0,890000.0,828290.0,973600.0,773880.0,734570.0,1056000.0,807880.0,527820.0,247510.0,3480.0,5050.0,7280.0,12310.0,14330.0,11740.0,11860.0,10950.0,12090.0,12610.0,9270.0,9890.0,23990.0,41350.0,40140.0
1102,Norfolk Island,0.0,0.0,0.0,0.0,0.0,0.0,0.0,0.0,0.0,0.0,0.0,0.0,0.0,0.0,0.0,0.0,0.0,0.0,0.0,0.0,0.0,0.0,0.0,0.0,0.0,0.0,0.0,0.0,0.0,0.0,0.0,0.0,0.0,0.0,0.0,0.0,0.0,0.0,0.0,0.0,0.0,0.0,0.0,0.0,0.0,0.0,0.0,0.0,0.0,0.0,0.0,0.0,0.0,0.0,0.0,0.0,0.0,0.0
1199,Australian External Territories nec,0.0,0.0,0.0,0.0,0.0,0.0,0.0,0.0,0.0,0.0,0.0,0.0,0.0,0.0,0.0,0.0,0.0,0.0,0.0,0.0,0.0,0.0,0.0,0.0,0.0,0.0,0.0,0.0,0.0,0.0,0.0,0.0,0.0,0.0,0.0,0.0,0.0,0.0,0.0,0.0,0.0,0.0,0.0,0.0,0.0,0.0,0.0,0.0,0.0,0.0,0.0,0.0,0.0,0.0,0.0,0.0,0.0,0.0
1201,New Zealand,155740.0,186450.0,150930.0,179880.0,164000.0,122510.0,143840.0,163170.0,142080.0,144270.0,165840.0,153420.0,155290.0,186630.0,151510.0,178230.0,164330.0,121230.0,148990.0,152950.0,141120.0,146010.0,167110.0,160830.0,160260.0,187630.0,155390.0,181790.0,164720.0,124410.0,146790.0,164150.0,145670.0,147940.0,167310.0,162410.0,164390.0,190850.0,157460.0,193340.0,170600.0,126690.0,87620.0,1860.0,3140.0,3620.0,3790.0,4130.0,3410.0,3330.0,3400.0,3990.0,3440.0,3220.0,3250.0,23900.0,48540.0,39670.0
1301,New Caledonia,0.0,0.0,0.0,0.0,0.0,0.0,0.0,0.0,0.0,0.0,0.0,0.0,0.0,0.0,0.0,0.0,0.0,0.0,0.0,0.0,0.0,0.0,0.0,0.0,0.0,0.0,0.0,0.0,0.0,0.0,0.0,0.0,0.0,0.0,0.0,0.0,0.0,0.0,0.0,0.0,0.0,0.0,0.0,0.0,0.0,0.0,0.0,0.0,0.0,0.0,0.0,0.0,0.0,0.0,0.0,0.0,0.0,0.0
1302,Papua New Guinea,3590.0,3150.0,3590.0,4610.0,4740.0,2580.0,3070.0,3260.0,2720.0,3210.0,3640.0,2920.0,3790.0,3650.0,3700.0,4150.0,4210.0,2470.0,2900.0,3010.0,2610.0,3170.0,3370.0,2740.0,3290.0,2900.0,3340.0,4490.0,4090.0,2650.0,2820.0,3440.0,2910.0,3500.0,3800.0,3530.0,3860.0,3400.0,3490.0,4240.0,4020.0,2630.0,1740.0,10.0,140.0,220.0,130.0,120.0,70.0,130.0,110.0,260.0,120.0,100.0,100.0,30.0,40.0,60.0
1303,Solomon Islands,520.0,480.0,610.0,880.0,610.0,340.0,470.0,470.0,490.0,540.0,530.0,340.0,450.0,720.0,590.0,830.0,600.0,350.0,470.0,600.0,580.0,600.0,520.0,430.0,520.0,660.0,640.0,910.0,680.0,440.0,450.0,400.0,520.0,610.0,610.0,440.0,590.0,700.0,730.0,850.0,530.0,420.0,290.0,0.0,30.0,20.0,40.0,0.0,0.0,30.0,0.0,40.0,30.0,20.0,10.0,40.0,30.0,20.0
1304,Vanuatu,260.0,420.0,340.0,710.0,640.0,430.0,340.0,450.0,640.0,390.0,340.0,340.0,460.0,520.0,550.0,1090.0,510.0,350.0,520.0,640.0,770.0,510.0,440.0,400.0,630.0,570.0,710.0,1570.0,740.0,470.0,630.0,780.0,870.0,690.0,600.0,720.0,830.0,920.0,1060.0,1600.0,650.0,630.0,390.0,0.0,0.0,100.0,0.0,0.0,290.0,160.0,20.0,130.0,130.0,70.0,80.0,110.0,160.0,140.0
1401,Guam,0.0,0.0,0.0,0.0,0.0,0.0,0.0,0.0,0.0,0.0,0.0,0.0,0.0,0.0,0.0,0.0,0.0,0.0,0.0,0.0,0.0,0.0,0.0,0.0,0.0,0.0,0.0,0.0,0.0,0.0,0.0,0.0,0.0,0.0,0.0,0.0,0.0,0.0,0.0,0.0,0.0,0.0,0.0,0.0,0.0,0.0,0.0,0.0,0.0,0.0,0.0,0.0,0.0,0.0,0.0,0.0,0.0,0.0
1402,Kiribati,70.0,60.0,110.0,130.0,50.0,50.0,90.0,70.0,110.0,90.0,90.0,70.0,80.0,120.0,230.0,110.0,70.0,60.0,120.0,120.0,160.0,150.0,110.0,90.0,100.0,170.0,200.0,180.0,200.0,110.0,110.0,100.0,170.0,150.0,140.0,140.0,180.0,180.0,200.0,210.0,170.0,80.0,60.0,0.0,0.0,0.0,0.0,0.0,0.0,10.0,40.0,50.0,10.0,50.0,30.0,10.0,0.0,0.0
1403,Marshall Islands,10.0,10.0,10.0,10.0,0.0,0.0,0.0,10.0,20.0,0.0,10.0,10.0,10.0,10.0,10.0,10.0,0.0,10.0,10.0,10.0,10.0,10.0,0.0,20.0,0.0,10.0,10.0,10.0,0.0,10.0,10.0,10.0,10.0,10.0,10.0,10.0,10.0,10.0,10.0,0.0,0.0,0.0,0.0,0.0,0.0,0.0,0.0,0.0,0.0,0.0,0.0,0.0,0.0,0.0,0.0,0.0,0.0,0.0
1404,Micronesia Federated States of,10.0,10.0,10.0,20.0,0.0,10.0,10.0,20.0,20.0,20.0,10.0,20.0,20.0,20.0,20.0,10.0,10.0,10.0,10.0,10.0,10.0,20.0,10.0,40.0,10.0,20.0,20.0,20.0,10.0,10.0,10.0,10.0,20.0,20.0,10.0,10.0,10.0,10.0,40.0,10.0,10.0,10.0,0.0,0.0,0.0,0.0,0.0,0.0,0.0,0.0,0.0,0.0,0.0,0.0,0.0,0.0,0.0,0.0
1405,Nauru,400.0,420.0,390.0,390.0,250.0,220.0,270.0,280.0,300.0,310.0,370.0,410.0,410.0,450.0,350.0,450.0,420.0,170.0,230.0,520.0,440.0,340.0,440.0,430.0,410.0,480.0,510.0,500.0,380.0,240.0,340.0,400.0,320.0,380.0,420.0,510.0,520.0,570.0,500.0,490.0,440.0,360.0,190.0,40.0,30.0,20.0,0.0,10.0,30.0,20.0,20.0,10.0,20.0,10.0,10.0,10.0,10.0,10.0
1406,N Mariana Island,0.0,0.0,0.0,0.0,0.0,0.0,0.0,0.0,0.0,0.0,0.0,0.0,0.0,0.0,0.0,0.0,0.0,0.0,0.0,0.0,0.0,0.0,0.0,0.0,0.0,0.0,0.0,0.0,0.0,0.0,0.0,0.0,0.0,0.0,0.0,0.0,0.0,0.0,0.0,0.0,0.0,0.0,0.0,0.0,0.0,0.0,0.0,0.0,0.0,0.0,0.0,0.0,0.0,0.0,0.0,0.0,0.0,0.0
1407,Palau,0.0,0.0,10.0,10.0,0.0,0.0,10.0,10.0,10.0,0.0,0.0,10.0,10.0,10.0,10.0,10.0,0.0,10.0,0.0,10.0,10.0,10.0,0.0,20.0,10.0,0.0,10.0,10.0,0.0,10.0,20.0,10.0,10.0,10.0,10.0,10.0,10.0,10.0,30.0,10.0,0.0,10.0,0.0,0.0,0.0,0.0,0.0,0.0,0.0,0.0,0.0,0.0,0.0,0.0,0.0,0.0,0.0,0.0
1501,Cook Islands,0.0,0.0,0.0,0.0,0.0,0.0,0.0,0.0,0.0,0.0,0.0,0.0,0.0,0.0,0.0,0.0,0.0,0.0,0.0,0.0,0.0,0.0,0.0,0.0,0.0,0.0,0.0,0.0,0.0,0.0,0.0,0.0,0.0,0.0,0.0,0.0,0.0,0.0,0.0,0.0,0.0,0.0,0.0,0.0,0.0,0.0,0.0,0.0,0.0,0.0,0.0,0.0,0.0,0.0,0.0,0.0,0.0,0.0
1502,Fiji,2720.0,3350.0,3020.0,4720.0,6390.0,3630.0,3270.0,3880.0,3570.0,3030.0,3310.0,3200.0,3220.0,3870.0,3560.0,4870.0,6740.0,3510.0,3770.0,4510.0,3800.0,3510.0,3570.0,3350.0,3510.0,3780.0,3640.0,5260.0,7040.0,3710.0,4130.0,4280.0,3920.0,3710.0,3630.0,3830.0,3560.0,4060.0,3900.0,5360.0,6360.0,3820.0,2780.0,220.0,120.0,10.0,60.0,40.0,70.0,210.0,110.0,110.0,240.0,70.0,70.0,60.0,80.0,70.0
1503,French Polynesia,0.0,0.0,0.0,0.0,0.0,0.0,0.0,0.0,0.0,0.0,0.0,0.0,0.0,0.0,0.0,0.0,0.0,0.0,0.0,0.0,0.0,0.0,0.0,0.0,0.0,0.0,0.0,0.0,0.0,0.0,0.0,0.0,0.0,0.0,0.0,0.0,0.0,0.0,0.0,0.0,0.0,0.0,0.0,0.0,0.0,0.0,0.0,0.0,0.0,0.0,0.0,0.0,0.0,0.0,0.0,0.0,0.0,0.0
1504,Niue,0.0,0.0,0.0,0.0,0.0,0.0,0.0,0.0,0.0,0.0,0.0,0.0,0.0,0.0,0.0,0.0,0.0,0.0,0.0,0.0,0.0,0.0,0.0,0.0,0.0,0.0,0.0,0.0,0.0,0.0,0.0,0.0,0.0,0.0,0.0,0.0,0.0,0.0,0.0,0.0,0.0,0.0,0.0,0.0,0.0,0.0,0.0,0.0,0.0,0.0,0.0,0.0,0.0,0.0,0.0,0.0,0.0,0.0
1505,Samoa,460.0,470.0,500.0,500.0,740.0,480.0,490.0,370.0,470.0,400.0,510.0,460.0,480.0,530.0,550.0,650.0,850.0,400.0,480.0,570.0,590.0,540.0,530.0,610.0,620.0,640.0,660.0,740.0,920.0,580.0,640.0,510.0,670.0,570.0,610.0,590.0,570.0,690.0,680.0,680.0,830.0,610.0,420.0,0.0,0.0,10.0,0.0,0.0,0.0,220.0,40.0,40.0,0.0,20.0,30.0,30.0,20.0,60.0
1506,Samoa American,0.0,0.0,0.0,0.0,0.0,0.0,0.0,0.0,0.0,0.0,0.0,0.0,0.0,0.0,0.0,0.0,0.0,0.0,0.0,0.0,0.0,0.0,0.0,0.0,0.0,0.0,0.0,0.0,0.0,0.0,0.0,0.0,0.0,0.0,0.0,0.0,0.0,0.0,0.0,0.0,0.0,0.0,0.0,0.0,0.0,0.0,0.0,0.0,0.0,0.0,0.0,0.0,0.0,0.0,0.0,0.0,0.0,0.0
1507,Tokelau,0.0,0.0,0.0,0.0,0.0,0.0,0.0,0.0,0.0,0.0,0.0,0.0,0.0,0.0,0.0,0.0,0.0,0.0,0.0,0.0,0.0,0.0,0.0,0.0,0.0,0.0,0.0,0.0,0.0,0.0,0.0,0.0,0.0,0.0,0.0,0.0,0.0,0.0,0.0,0.0,0.0,0.0,0.0,0.0,0.0,0.0,0.0,0.0,0.0,0.0,0.0,0.0,0.0,0.0,0.0,0.0,0.0,0.0
1508,Tonga,1010.0,1190.0,1380.0,1390.0,1050.0,750.0,760.0,890.0,1440.0,990.0,960.0,990.0,1300.0,1420.0,1420.0,1570.0,1320.0,880.0,870.0,1170.0,1480.0,1280.0,1210.0,1250.0,1440.0,1600.0,1450.0,1810.0,1470.0,900.0,1000.0,1270.0,1900.0,1480.0,1220.0,980.0,1320.0,1550.0,1580.0,1760.0,1630.0,1050.0,720.0,0.0,0.0,10.0,10.0,0.0,10.0,70.0,110.0,0.0,10.0,100.0,90.0,30.0,80.0,200.0
1511,Tuvalu,20.0,20.0,70.0,40.0,10.0,20.0,20.0,20.0,50.0,20.0,40.0,20.0,20.0,40.0,50.0,40.0,20.0,20.0,50.0,40.0,20.0,40.0,30.0,40.0,40.0,30.0,40.0,40.0,20.0,20.0,50.0,40.0,30.0,30.0,50.0,20.0,30.0,30.0,80.0,70.0,20.0,40.0,10.0,0.0,0.0,0.0,0.0,0.0,0.0,0.0,0.0,0.0,10.0,20.0,10.0,0.0,0.0,10.0
1512,Wallis/Futuna,0.0,0.0,0.0,0.0,0.0,0.0,0.0,0.0,0.0,0.0,0.0,0.0,0.0,0.0,0.0,0.0,0.0,0.0,0.0,0.0,0.0,0.0,0.0,0.0,0.0,0.0,0.0,0.0,0.0,0.0,0.0,0.0,0.0,0.0,0.0,0.0,0.0,0.0,0.0,0.0,0.0,0.0,0.0,0.0,0.0,0.0,0.0,0.0,0.0,0.0,0.0,0.0,0.0,0.0,0.0,0.0,0.0,0.0
1513,Pitcairn Island,0.0,0.0,0.0,0.0,0.0,0.0,0.0,0.0,0.0,0.0,0.0,0.0,0.0,0.0,0.0,0.0,0.0,0.0,0.0,0.0,0.0,0.0,0.0,0.0,0.0,0.0,0.0,0.0,0.0,0.0,0.0,0.0,0.0,0.0,0.0,0.0,0.0,0.0,0.0,0.0,0.0,0.0,0.0,0.0,0.0,0.0,0.0,0.0,0.0,0.0,0.0,0.0,0.0,0.0,0.0,0.0,0.0,0.0
1599,"Polynesia, nec",0.0,0.0,0.0,0.0,0.0,0.0,0.0,0.0,0.0,0.0,0.0,0.0,0.0,0.0,0.0,0.0,0.0,0.0,0.0,0.0,0.0,0.0,0.0,0.0,0.0,0.0,0.0,0.0,0.0,0.0,0.0,0.0,0.0,0.0,0.0,0.0,0.0,0.0,0.0,0.0,0.0,0.0,0.0,0.0,0.0,0.0,0.0,0.0,0.0,0.0,0.0,0.0,0.0,0.0,0.0,0.0,0.0,0.0
1601,Adelie Land,0.0,0.0,0.0,0.0,0.0,0.0,0.0,0.0,0.0,0.0,0.0,0.0,0.0,0.0,0.0,0.0,0.0,0.0,0.0,0.0,0.0,0.0,0.0,0.0,0.0,0.0,0.0,0.0,0.0,0.0,0.0,0.0,0.0,0.0,0.0,0.0,0.0,0.0,0.0,0.0,0.0,0.0,0.0,0.0,0.0,0.0,0.0,0.0,0.0,0.0,0.0,0.0,0.0,0.0,0.0,0.0,0.0,0.0
1602,Argentinian A T,0.0,0.0,0.0,0.0,0.0,0.0,0.0,0.0,0.0,0.0,0.0,0.0,0.0,0.0,0.0,0.0,0.0,0.0,0.0,0.0,0.0,0.0,0.0,0.0,0.0,0.0,0.0,0.0,0.0,0.0,0.0,0.0,0.0,0.0,0.0,0.0,0.0,0.0,0.0,0.0,0.0,0.0,0.0,0.0,0.0,0.0,0.0,0.0,0.0,0.0,0.0,0.0,0.0,0.0,0.0,0.0,0.0,0.0
1603,Australian A T,0.0,0.0,0.0,0.0,0.0,0.0,0.0,0.0,0.0,0.0,0.0,0.0,0.0,0.0,0.0,0.0,0.0,0.0,0.0,0.0,0.0,0.0,0.0,0.0,0.0,0.0,0.0,0.0,0.0,0.0,0.0,0.0,0.0,0.0,0.0,0.0,0.0,0.0,0.0,0.0,0.0,0.0,0.0,0.0,0.0,0.0,0.0,0.0,0.0,0.0,0.0,0.0,0.0,0.0,0.0,0.0,0.0,0.0
1604,British A T,0.0,0.0,0.0,0.0,0.0,0.0,0.0,0.0,0.0,0.0,0.0,0.0,0.0,0.0,0.0,0.0,0.0,0.0,0.0,0.0,0.0,0.0,0.0,0.0,0.0,0.0,0.0,0.0,0.0,0.0,0.0,0.0,0.0,0.0,0.0,0.0,0.0,0.0,0.0,0.0,0.0,0.0,0.0,0.0,0.0,0.0,0.0,0.0,0.0,0.0,0.0,0.0,0.0,0.0,0.0,0.0,0.0,0.0
1605,Chilean A T,0.0,0.0,0.0,0.0,0.0,0.0,0.0,0.0,0.0,0.0,0.0,0.0,0.0,0.0,0.0,0.0,0.0,0.0,0.0,0.0,0.0,0.0,0.0,0.0,0.0,0.0,0.0,0.0,0.0,0.0,0.0,0.0,0.0,0.0,0.0,0.0,0.0,0.0,0.0,0.0,0.0,0.0,0.0,0.0,0.0,0.0,0.0,0.0,0.0,0.0,0.0,0.0,0.0,0.0,0.0,0.0,0.0,0.0
1606,Queen Maud Land (Norway),0.0,0.0,0.0,0.0,0.0,0.0,0.0,0.0,0.0,0.0,0.0,0.0,0.0,0.0,0.0,0.0,0.0,0.0,0.0,0.0,0.0,0.0,0.0,0.0,0.0,0.0,0.0,0.0,0.0,0.0,0.0,0.0,0.0,0.0,0.0,0.0,0.0,0.0,0.0,0.0,0.0,0.0,0.0,0.0,0.0,0.0,0.0,0.0,0.0,0.0,0.0,0.0,0.0,0.0,0.0,0.0,0.0,0.0
1607,Ross Dependency,0.0,0.0,0.0,0.0,0.0,0.0,0.0,0.0,0.0,0.0,0.0,0.0,0.0,0.0,0.0,0.0,0.0,0.0,0.0,0.0,0.0,0.0,0.0,0.0,0.0,0.0,0.0,0.0,0.0,0.0,0.0,0.0,0.0,0.0,0.0,0.0,0.0,0.0,0.0,0.0,0.0,0.0,0.0,0.0,0.0,0.0,0.0,0.0,0.0,0.0,0.0,0.0,0.0,0.0,0.0,0.0,0.0,0.0
2100,United Kingdom Channel Islands and Isle of Man,59440.0,72150.0,86440.0,93680.0,128240.0,96870.0,111780.0,106460.0,65900.0,57840.0,62880.0,69540.0,58060.0,69510.0,87540.0,102840.0,139370.0,97340.0,112600.0,109080.0,65280.0,55630.0,60320.0,71470.0,58220.0,70780.0,86580.0,93290.0,126890.0,94160.0,109120.0,101420.0,68600.0,54630.0,58750.0,69190.0,55410.0,69920.0,85520.0,91870.0,123640.0,91390.0,88900.0,10120.0,3380.0,2820.0,3640.0,3010.0,1840.0,1320.0,1120.0,1320.0,800.0,790.0,880.0,1380.0,2470.0,2660.0
2201,Ireland,7440.0,7450.0,8520.0,14040.0,12870.0,7780.0,9460.0,10740.0,7560.0,8340.0,9230.0,9150.0,7120.0,7390.0,8250.0,13460.0,13310.0,7760.0,10380.0,10420.0,7710.0,7970.0,9170.0,9430.0,7030.0,7720.0,9120.0,13880.0,13940.0,8060.0,10310.0,10890.0,8470.0,7480.0,8970.0,8970.0,7190.0,7930.0,8960.0,13970.0,14310.0,8600.0,8900.0,1310.0,530.0,420.0,710.0,600.0,360.0,240.0,250.0,320.0,170.0,110.0,130.0,190.0,330.0,460.0
2301,Austria,1670.0,1720.0,2260.0,2020.0,3400.0,2470.0,2500.0,1970.0,1420.0,1250.0,1480.0,1940.0,1630.0,1680.0,2350.0,2280.0,3520.0,2460.0,2760.0,1970.0,1500.0,1250.0,1520.0,1990.0,1600.0,1620.0,2240.0,2340.0,3360.0,2430.0,2620.0,1800.0,1470.0,1200.0,1630.0,2120.0,1360.0,1730.0,2090.0,2060.0,3500.0,2210.0,2420.0,110.0,40.0,70.0,90.0,60.0,30.0,30.0,20.0,50.0,20.0,30.0,20.0,30.0,60.0,50.0
2302,Belgium,1610.0,1950.0,2290.0,2270.0,3120.0,2130.0,2300.0,2220.0,1670.0,1640.0,2040.0,2320.0,1710.0,1830.0,2260.0,2290.0,3000.0,2290.0,2380.0,2270.0,1750.0,1590.0,2090.0,2460.0,1680.0,2050.0,2470.0,2370.0,2990.0,2300.0,2400.0,2340.0,1860.0,1720.0,2240.0,2460.0,1620.0,1930.0,2590.0,2350.0,3010.0,2200.0,2180.0,430.0,100.0,150.0,180.0,140.0,60.0,60.0,40.0,60.0,50.0,60.0,40.0,40.0,60.0,90.0
2303,France,12570.0,15570.0,17100.0,20350.0,26530.0,19850.0,20320.0,18060.0,14740.0,14590.0,16440.0,22780.0,12920.0,15920.0,18080.0,20020.0,27690.0,20290.0,22050.0,18200.0,17040.0,15840.0,17270.0,23870.0,14010.0,16000.0,18420.0,20590.0,27830.0,21550.0,23200.0,18590.0,16680.0,17010.0,17570.0,24040.0,14000.0,17340.0,20380.0,21130.0,27690.0,21350.0,18140.0,4570.0,1100.0,1230.0,1890.0,1400.0,820.0,610.0,440.0,670.0,360.0,400.0,360.0,340.0,490.0,640.0
2304,Germany,16070.0,18320.0,22260.0,21510.0,33310.0,23480.0,30290.0,25580.0,18250.0,15360.0,15770.0,18260.0,15540.0,17850.0,22880.0,22230.0,32260.0,24970.0,30170.0,24790.0,18260.0,15200.0,16360.0,18130.0,15690.0,18120.0,22540.0,24410.0,33280.0,26140.0,30400.0,23680.0,18000.0,14520.0,16030.0,17500.0,14960.0,17760.0,21960.0,21650.0,34530.0,21990.0,27290.0,7040.0,1200.0,990.0,1440.0,990.0,530.0,360.0,230.0,410.0,240.0,250.0,230.0,280.0,380.0,480.0
2305,Liechtenstein,0.0,10.0,20.0,20.0,40.0,20.0,20.0,20.0,10.0,10.0,20.0,10.0,10.0,10.0,20.0,10.0,40.0,20.0,20.0,20.0,10.0,10.0,10.0,10.0,10.0,0.0,20.0,10.0,40.0,20.0,20.0,20.0,10.0,10.0,10.0,10.0,10.0,10.0,10.0,10.0,40.0,10.0,20.0,0.0,0.0,0.0,0.0,0.0,0.0,0.0,0.0,0.0,0.0,0.0,0.0,0.0,0.0,0.0
2306,Luxembourg,90.0,50.0,60.0,110.0,140.0,70.0,90.0,100.0,40.0,50.0,50.0,160.0,150.0,80.0,80.0,130.0,110.0,100.0,100.0,90.0,60.0,50.0,70.0,160.0,100.0,60.0,120.0,80.0,150.0,100.0,140.0,110.0,60.0,50.0,80.0,170.0,100.0,90.0,120.0,100.0,170.0,90.0,100.0,10.0,0.0,0.0,0.0,0.0,0.0,0.0,0.0,0.0,0.0,0.0,0.0,0.0,0.0,0.0
2307,Monaco,10.0,0.0,0.0,0.0,10.0,10.0,10.0,10.0,0.0,0.0,10.0,0.0,10.0,10.0,0.0,10.0,10.0,0.0,20.0,0.0,0.0,0.0,10.0,10.0,10.0,0.0,10.0,10.0,0.0,0.0,10.0,10.0,0.0,0.0,10.0,10.0,0.0,0.0,0.0,10.0,0.0,10.0,10.0,0.0,0.0,0.0,0.0,0.0,0.0,0.0,0.0,0.0,0.0,0.0,0.0,0.0,0.0,0.0
2308,Netherlands,5250.0,6770.0,8480.0,8060.0,12000.0,7500.0,8790.0,7510.0,6560.0,5530.0,5970.0,9810.0,5360.0,7030.0,8280.0,8360.0,11790.0,7710.0,9150.0,7440.0,6980.0,5850.0,5950.0,10270.0,5670.0,7060.0,8960.0,8950.0,12020.0,8010.0,9430.0,7910.0,7080.0,5890.0,6400.0,9910.0,5020.0,7200.0,9280.0,8570.0,11350.0,7410.0,7880.0,1590.0,310.0,280.0,430.0,380.0,170.0,150.0,100.0,200.0,130.0,130.0,160.0,180.0,290.0,280.0
2311,Switzerland,2140.0,3330.0,4460.0,4860.0,7860.0,5490.0,5750.0,5070.0,3030.0,2420.0,2720.0,3680.0,2130.0,3330.0,4470.0,4900.0,8370.0,5670.0,5370.0,4470.0,3010.0,2320.0,2680.0,3840.0,2320.0,3480.0,4310.0,4880.0,8330.0,5290.0,5540.0,4400.0,3150.0,2230.0,2680.0,3540.0,1960.0,3150.0,4140.0,4590.0,7340.0,4820.0,5400.0,730.0,130.0,170.0,230.0,80.0,60.0,30.0,30.0,50.0,50.0,30.0,40.0,30.0,50.0,60.0
2401,Denmark,1590.0,2290.0,2990.0,3370.0,5300.0,4040.0,3810.0,3050.0,2190.0,1740.0,2520.0,1890.0,1350.0,2190.0,3180.0,3400.0,5440.0,4000.0,3920.0,3300.0,2130.0,1990.0,2340.0,2130.0,1520.0,2550.0,3100.0,3270.0,5900.0,3940.0,3990.0,3140.0,2220.0,1870.0,2320.0,1880.0,1440.0,2320.0,3210.0,3390.0,5640.0,3920.0,3650.0,270.0,130.0,160.0,220.0,90.0,40.0,30.0,50.0,70.0,30.0,40.0,40.0,50.0,70.0,80.0
2402,Faroe Islands,0.0,0.0,0.0,0.0,0.0,0.0,0.0,0.0,0.0,0.0,0.0,0.0,0.0,0.0,0.0,0.0,0.0,0.0,0.0,0.0,0.0,0.0,0.0,0.0,0.0,0.0,0.0,0.0,0.0,0.0,0.0,0.0,0.0,0.0,0.0,0.0,0.0,0.0,0.0,0.0,0.0,0.0,0.0,0.0,0.0,0.0,0.0,0.0,0.0,0.0,0.0,0.0,0.0,0.0,0.0,0.0,0.0,0.0
2403,Finland,820.0,1150.0,1810.0,2010.0,3270.0,1890.0,2060.0,1480.0,1220.0,1100.0,1220.0,780.0,790.0,1340.0,1790.0,2100.0,3590.0,1990.0,2190.0,1600.0,1060.0,1120.0,1330.0,790.0,840.0,1300.0,1870.0,2190.0,3580.0,1990.0,2180.0,1380.0,1190.0,1150.0,1150.0,830.0,810.0,1210.0,1740.0,2110.0,3410.0,1790.0,1690.0,240.0,80.0,90.0,120.0,60.0,30.0,40.0,30.0,50.0,20.0,20.0,20.0,30.0,50.0,60.0
2404,Greenland,0.0,0.0,0.0,0.0,0.0,0.0,0.0,0.0,0.0,0.0,0.0,0.0,0.0,0.0,0.0,0.0,0.0,0.0,0.0,0.0,0.0,0.0,0.0,0.0,0.0,0.0,0.0,0.0,0.0,0.0,0.0,0.0,0.0,0.0,0.0,0.0,0.0,0.0,0.0,0.0,0.0,0.0,0.0,0.0,0.0,0.0,0.0,0.0,0.0,0.0,0.0,0.0,0.0,0.0,0.0,0.0,0.0,0.0
2405,Iceland,40.0,80.0,90.0,90.0,190.0,100.0,130.0,150.0,100.0,90.0,130.0,60.0,50.0,130.0,130.0,120.0,200.0,140.0,190.0,140.0,70.0,110.0,90.0,70.0,80.0,140.0,140.0,120.0,190.0,130.0,160.0,160.0,110.0,100.0,80.0,80.0,60.0,130.0,120.0,120.0,180.0,130.0,110.0,20.0,0.0,10.0,10.0,0.0,0.0,0.0,0.0,10.0,0.0,0.0,0.0,0.0,0.0,0.0
2406,Norway,990.0,1430.0,2300.0,2380.0,3770.0,2150.0,2350.0,2570.0,1250.0,1770.0,2090.0,1330.0,1080.0,1590.0,2330.0,2490.0,3860.0,2030.0,2890.0,2600.0,1360.0,1840.0,2260.0,1280.0,1160.0,1770.0,2470.0,2480.0,4230.0,2250.0,2390.0,2450.0,1420.0,1740.0,2040.0,1190.0,970.0,1660.0,2420.0,2510.0,4290.0,2120.0,2550.0,310.0,90.0,150.0,160.0,50.0,30.0,30.0,50.0,70.0,30.0,20.0,30.0,40.0,50.0,90.0
2407,Sweden,1860.0,2660.0,4780.0,4970.0,10800.0,5380.0,5950.0,4540.0,3010.0,2960.0,2910.0,2030.0,1800.0,2760.0,4720.0,5020.0,10940.0,5800.0,5700.0,4360.0,2840.0,2670.0,2960.0,2190.0,1920.0,2570.0,4450.0,4820.0,11530.0,5300.0,5500.0,3980.0,2920.0,2440.0,2940.0,2040.0,1650.0,2400.0,4050.0,4420.0,10960.0,4780.0,4370.0,1110.0,210.0,230.0,240.0,150.0,80.0,70.0,60.0,100.0,60.0,50.0,50.0,70.0,100.0,140.0
2408,Aland Islands,0.0,0.0,0.0,0.0,0.0,0.0,0.0,0.0,0.0,0.0,0.0,0.0,0.0,0.0,0.0,0.0,0.0,0.0,0.0,0.0,0.0,0.0,0.0,0.0,0.0,0.0,0.0,0.0,0.0,0.0,0.0,0.0,0.0,0.0,0.0,0.0,0.0,0.0,0.0,0.0,0.0,0.0,0.0,0.0,0.0,0.0,0.0,0.0,0.0,0.0,0.0,0.0,0.0,0.0,0.0,0.0,0.0,0.0
3101,Andorra,10.0,0.0,0.0,10.0,10.0,10.0,10.0,10.0,0.0,10.0,10.0,20.0,10.0,0.0,10.0,0.0,10.0,10.0,10.0,10.0,10.0,0.0,10.0,10.0,10.0,10.0,10.0,10.0,10.0,10.0,10.0,0.0,10.0,0.0,10.0,10.0,0.0,10.0,0.0,10.0,10.0,10.0,10.0,0.0,0.0,0.0,0.0,0.0,0.0,0.0,0.0,0.0,0.0,0.0,0.0,0.0,0.0,0.0
3102,Gibraltar,0.0,0.0,0.0,0.0,0.0,0.0,0.0,0.0,0.0,0.0,0.0,0.0,0.0,0.0,0.0,0.0,0.0,0.0,0.0,0.0,0.0,0.0,0.0,0.0,0.0,0.0,0.0,0.0,0.0,0.0,0.0,0.0,0.0,0.0,0.0,0.0,0.0,0.0,0.0,0.0,0.0,0.0,0.0,0.0,0.0,0.0,0.0,0.0,0.0,0.0,0.0,0.0,0.0,0.0,0.0,0.0,0.0,0.0
3103,Holy See,0.0,0.0,0.0,0.0,0.0,0.0,0.0,0.0,10.0,0.0,0.0,10.0,0.0,0.0,0.0,0.0,0.0,0.0,0.0,0.0,0.0,0.0,10.0,0.0,10.0,0.0,0.0,0.0,0.0,0.0,0.0,0.0,0.0,0.0,0.0,0.0,0.0,0.0,0.0,0.0,0.0,0.0,0.0,0.0,0.0,0.0,0.0,0.0,0.0,0.0,0.0,0.0,0.0,0.0,0.0,0.0,0.0,0.0
3104,Italy,8750.0,7530.0,7680.0,9150.0,13840.0,8490.0,9240.0,7760.0,7020.0,6920.0,7940.0,11710.0,8930.0,7790.0,7600.0,9510.0,13870.0,8740.0,9630.0,7750.0,7320.0,7500.0,8520.0,12150.0,9140.0,7850.0,7940.0,9410.0,14020.0,8840.0,10130.0,7440.0,7840.0,7290.0,8190.0,12110.0,8540.0,7410.0,8090.0,9700.0,14020.0,8070.0,6070.0,1440.0,770.0,690.0,1050.0,630.0,440.0,320.0,260.0,300.0,200.0,210.0,180.0,170.0,270.0,360.0
3105,Malta,240.0,150.0,150.0,250.0,420.0,270.0,250.0,210.0,210.0,200.0,200.0,240.0,190.0,170.0,150.0,210.0,450.0,250.0,280.0,290.0,230.0,220.0,200.0,270.0,240.0,190.0,200.0,250.0,520.0,260.0,220.0,240.0,220.0,200.0,180.0,270.0,270.0,150.0,220.0,270.0,480.0,250.0,300.0,30.0,0.0,10.0,30.0,20.0,10.0,10.0,0.0,0.0,0.0,0.0,10.0,10.0,10.0,10.0
3106,Portugal,1100.0,1170.0,1270.0,1930.0,1980.0,1260.0,1440.0,1540.0,1160.0,1120.0,1210.0,1620.0,1170.0,1210.0,1410.0,1920.0,2130.0,1560.0,1440.0,1380.0,1120.0,1200.0,1390.0,1990.0,1350.0,1300.0,1660.0,2030.0,2130.0,1570.0,1470.0,1640.0,1250.0,1200.0,1490.0,1920.0,1200.0,1320.0,1360.0,1980.0,2180.0,1300.0,1120.0,90.0,70.0,100.0,100.0,70.0,50.0,40.0,80.0,80.0,30.0,50.0,30.0,40.0,30.0,50.0
3107,San Marino,0.0,10.0,0.0,10.0,0.0,0.0,0.0,0.0,0.0,0.0,0.0,0.0,0.0,10.0,0.0,0.0,10.0,0.0,0.0,0.0,0.0,0.0,0.0,10.0,0.0,10.0,0.0,0.0,0.0,0.0,0.0,0.0,0.0,0.0,0.0,0.0,0.0,0.0,0.0,0.0,10.0,0.0,0.0,0.0,0.0,0.0,0.0,0.0,0.0,0.0,0.0,0.0,0.0,0.0,0.0,0.0,0.0,0.0
3108,Spain,3770.0,3960.0,3930.0,4760.0,4790.0,3330.0,3950.0,4190.0,2900.0,3390.0,3710.0,5080.0,3890.0,4240.0,3970.0,5000.0,5270.0,3620.0,4700.0,4060.0,3530.0,3620.0,4210.0,5550.0,4240.0,4360.0,4230.0,5330.0,5690.0,4040.0,4580.0,4470.0,3830.0,3790.0,4230.0,5700.0,3970.0,4220.0,4230.0,5130.0,5960.0,3890.0,4240.0,920.0,270.0,410.0,620.0,350.0,210.0,120.0,90.0,170.0,150.0,110.0,110.0,60.0,150.0,160.0
3201,Albania,60.0,30.0,40.0,70.0,50.0,40.0,60.0,40.0,60.0,70.0,110.0,60.0,50.0,30.0,50.0,40.0,70.0,50.0,70.0,50.0,60.0,90.0,80.0,70.0,40.0,40.0,40.0,80.0,90.0,50.0,90.0,50.0,90.0,60.0,100.0,90.0,40.0,50.0,60.0,70.0,80.0,50.0,50.0,0.0,0.0,20.0,20.0,10.0,0.0,0.0,10.0,10.0,10.0,0.0,0.0,10.0,0.0,10.0
3202,Bosnia and Herzegovina,60.0,90.0,70.0,120.0,210.0,160.0,140.0,130.0,120.0,120.0,140.0,110.0,50.0,70.0,80.0,100.0,220.0,130.0,150.0,140.0,120.0,130.0,130.0,110.0,60.0,80.0,80.0,110.0,220.0,200.0,150.0,130.0,150.0,130.0,150.0,120.0,60.0,80.0,70.0,120.0,260.0,190.0,130.0,0.0,10.0,30.0,50.0,20.0,10.0,10.0,0.0,10.0,0.0,0.0,0.0,0.0,0.0,0.0
3203,Bulgaria,170.0,150.0,290.0,270.0,450.0,310.0,310.0,270.0,250.0,200.0,170.0,190.0,200.0,190.0,310.0,380.0,500.0,330.0,430.0,300.0,250.0,180.0,260.0,260.0,240.0,200.0,350.0,330.0,460.0,340.0,390.0,250.0,210.0,180.0,210.0,220.0,190.0,200.0,300.0,280.0,490.0,390.0,280.0,40.0,20.0,50.0,50.0,30.0,20.0,20.0,20.0,10.0,10.0,10.0,10.0,20.0,20.0,20.0
3204,Croatia,240.0,230.0,320.0,380.0,860.0,500.0,470.0,370.0,340.0,310.0,310.0,350.0,210.0,270.0,310.0,420.0,940.0,530.0,500.0,400.0,300.0,280.0,360.0,320.0,220.0,280.0,330.0,400.0,890.0,510.0,490.0,390.0,310.0,300.0,400.0,380.0,280.0,260.0,330.0,460.0,1010.0,530.0,400.0,50.0,30.0,70.0,70.0,50.0,30.0,20.0,30.0,20.0,30.0,50.0,40.0,30.0,40.0,40.0
3205,Cyprus,130.0,120.0,150.0,170.0,430.0,180.0,160.0,150.0,150.0,110.0,140.0,190.0,150.0,150.0,120.0,150.0,370.0,200.0,190.0,230.0,130.0,120.0,120.0,210.0,130.0,150.0,180.0,180.0,420.0,180.0,220.0,140.0,130.0,100.0,140.0,150.0,150.0,130.0,120.0,170.0,400.0,210.0,120.0,10.0,10.0,20.0,40.0,20.0,0.0,0.0,10.0,10.0,10.0,0.0,0.0,0.0,0.0,0.0
3206,North Macedonia,100.0,130.0,130.0,170.0,330.0,310.0,330.0,200.0,250.0,230.0,260.0,170.0,140.0,120.0,130.0,210.0,360.0,290.0,340.0,270.0,310.0,270.0,330.0,220.0,170.0,120.0,130.0,160.0,390.0,320.0,310.0,270.0,310.0,290.0,310.0,210.0,120.0,130.0,180.0,200.0,390.0,360.0,220.0,50.0,40.0,40.0,140.0,50.0,30.0,40.0,10.0,10.0,10.0,10.0,10.0,0.0,20.0,10.0
3207,Greece,560.0,550.0,770.0,960.0,1480.0,960.0,990.0,880.0,810.0,780.0,870.0,880.0,650.0,600.0,730.0,960.0,1580.0,1010.0,1070.0,940.0,740.0,870.0,940.0,830.0,690.0,610.0,700.0,950.0,1460.0,1010.0,1040.0,820.0,820.0,750.0,950.0,890.0,710.0,600.0,700.0,930.0,1450.0,930.0,770.0,140.0,110.0,100.0,190.0,110.0,70.0,40.0,50.0,60.0,40.0,40.0,40.0,50.0,50.0,70.0
3208,Moldova,20.0,20.0,20.0,20.0,30.0,20.0,30.0,20.0,20.0,20.0,20.0,20.0,10.0,10.0,20.0,20.0,30.0,20.0,30.0,30.0,20.0,20.0,10.0,20.0,20.0,10.0,20.0,20.0,30.0,30.0,30.0,20.0,20.0,20.0,10.0,10.0,20.0,40.0,30.0,20.0,50.0,20.0,10.0,10.0,0.0,0.0,10.0,10.0,0.0,0.0,0.0,0.0,0.0,0.0,0.0,0.0,0.0,0.0
3211,Romania,430.0,410.0,630.0,640.0,1010.0,670.0,610.0,520.0,450.0,380.0,400.0,390.0,390.0,440.0,520.0,640.0,1200.0,700.0,730.0,630.0,450.0,420.0,410.0,430.0,420.0,540.0,660.0,600.0,1310.0,760.0,780.0,560.0,500.0,390.0,410.0,460.0,450.0,470.0,720.0,730.0,1310.0,750.0,590.0,80.0,40.0,70.0,90.0,70.0,50.0,40.0,40.0,40.0,30.0,50.0,30.0,30.0,50.0,40.0
3212,Slovenia,160.0,220.0,240.0,250.0,440.0,400.0,350.0,270.0,240.0,180.0,200.0,220.0,190.0,190.0,260.0,320.0,550.0,400.0,410.0,220.0,210.0,160.0,230.0,240.0,200.0,180.0,280.0,290.0,520.0,360.0,400.0,230.0,220.0,180.0,250.0,220.0,190.0,170.0,270.0,330.0,500.0,390.0,240.0,50.0,10.0,20.0,30.0,10.0,10.0,10.0,0.0,0.0,10.0,10.0,0.0,10.0,10.0,10.0
3214,Montenegro,10.0,20.0,30.0,30.0,50.0,30.0,30.0,30.0,30.0,20.0,20.0,30.0,10.0,20.0,10.0,30.0,40.0,40.0,20.0,20.0,10.0,30.0,30.0,30.0,10.0,10.0,20.0,30.0,60.0,30.0,40.0,30.0,20.0,20.0,30.0,20.0,20.0,10.0,20.0,30.0,50.0,50.0,30.0,0.0,0.0,10.0,10.0,10.0,0.0,0.0,0.0,0.0,10.0,10.0,0.0,10.0,0.0,0.0
3215,Serbia,240.0,200.0,210.0,280.0,580.0,460.0,410.0,330.0,310.0,250.0,290.0,280.0,250.0,220.0,230.0,320.0,610.0,490.0,450.0,320.0,320.0,280.0,290.0,270.0,210.0,220.0,230.0,310.0,600.0,430.0,430.0,340.0,310.0,320.0,270.0,280.0,240.0,230.0,270.0,360.0,650.0,510.0,360.0,60.0,20.0,100.0,120.0,40.0,20.0,10.0,30.0,20.0,20.0,30.0,0.0,10.0,10.0,10.0
3216,Kosovo,10.0,10.0,20.0,10.0,20.0,30.0,20.0,10.0,10.0,20.0,40.0,10.0,20.0,10.0,0.0,20.0,30.0,10.0,30.0,20.0,10.0,30.0,30.0,20.0,10.0,10.0,20.0,20.0,20.0,20.0,20.0,20.0,20.0,20.0,50.0,20.0,10.0,10.0,10.0,10.0,20.0,20.0,10.0,0.0,10.0,0.0,0.0,10.0,0.0,0.0,0.0,0.0,0.0,0.0,0.0,0.0,0.0,0.0
3301,Belarus,50.0,40.0,60.0,100.0,130.0,110.0,110.0,90.0,80.0,70.0,80.0,60.0,60.0,60.0,70.0,90.0,140.0,80.0,110.0,80.0,90.0,90.0,60.0,90.0,60.0,80.0,90.0,100.0,170.0,100.0,130.0,110.0,100.0,80.0,70.0,70.0,50.0,70.0,100.0,140.0,180.0,110.0,100.0,10.0,10.0,10.0,10.0,10.0,10.0,0.0,0.0,0.0,0.0,20.0,0.0,0.0,0.0,0.0
3302,Czech Republic,650.0,680.0,1160.0,1130.0,1760.0,1360.0,1670.0,1140.0,940.0,810.0,920.0,810.0,680.0,780.0,1080.0,1340.0,2070.0,1550.0,1720.0,1160.0,890.0,890.0,980.0,860.0,750.0,850.0,1230.0,1410.0,2160.0,1710.0,1850.0,1280.0,930.0,840.0,950.0,870.0,740.0,870.0,1190.0,1370.0,2090.0,1570.0,1430.0,340.0,60.0,70.0,100.0,90.0,40.0,20.0,10.0,20.0,20.0,50.0,20.0,20.0,40.0,80.0
3303,Estonia,310.0,340.0,520.0,540.0,600.0,470.0,570.0,390.0,460.0,470.0,550.0,450.0,290.0,350.0,480.0,580.0,710.0,530.0,730.0,420.0,430.0,510.0,540.0,520.0,320.0,500.0,530.0,650.0,830.0,530.0,620.0,470.0,400.0,580.0,570.0,450.0,310.0,370.0,510.0,720.0,700.0,510.0,410.0,130.0,90.0,100.0,90.0,40.0,50.0,30.0,30.0,30.0,30.0,20.0,20.0,20.0,30.0,50.0
3304,Hungary,420.0,480.0,950.0,820.0,1440.0,1150.0,1090.0,800.0,630.0,490.0,610.0,520.0,430.0,640.0,860.0,870.0,1580.0,1180.0,1060.0,780.0,520.0,540.0,600.0,550.0,500.0,550.0,900.0,790.0,1500.0,1230.0,1100.0,740.0,570.0,580.0,600.0,580.0,390.0,580.0,920.0,830.0,1590.0,1080.0,780.0,110.0,20.0,60.0,60.0,50.0,20.0,20.0,10.0,20.0,0.0,20.0,20.0,10.0,10.0,30.0
3305,Latvia,80.0,90.0,300.0,190.0,410.0,180.0,140.0,130.0,170.0,110.0,120.0,100.0,110.0,120.0,200.0,140.0,300.0,300.0,200.0,140.0,120.0,140.0,120.0,100.0,80.0,110.0,200.0,230.0,390.0,190.0,220.0,170.0,140.0,110.0,150.0,100.0,100.0,140.0,240.0,210.0,360.0,240.0,180.0,30.0,20.0,30.0,20.0,20.0,10.0,10.0,10.0,10.0,10.0,10.0,0.0,10.0,10.0,10.0
3306,Lithuania,120.0,160.0,230.0,250.0,400.0,270.0,380.0,330.0,260.0,220.0,200.0,220.0,160.0,240.0,350.0,310.0,510.0,390.0,380.0,330.0,230.0,280.0,310.0,260.0,190.0,230.0,360.0,390.0,510.0,390.0,510.0,380.0,300.0,270.0,280.0,280.0,220.0,230.0,350.0,370.0,540.0,370.0,330.0,60.0,30.0,50.0,50.0,20.0,20.0,20.0,10.0,20.0,0.0,10.0,20.0,10.0,30.0,40.0
3307,Poland,1520.0,1480.0,2740.0,2250.0,3590.0,2850.0,2760.0,1970.0,1860.0,1380.0,1440.0,1650.0,1450.0,1650.0,2520.0,2560.0,3950.0,2960.0,2790.0,2040.0,1880.0,1500.0,1700.0,1880.0,1660.0,1660.0,2950.0,2870.0,3960.0,3370.0,3420.0,2150.0,1930.0,1560.0,1690.0,1800.0,1650.0,1790.0,3390.0,3020.0,4340.0,3360.0,2420.0,340.0,110.0,200.0,280.0,170.0,80.0,70.0,40.0,70.0,60.0,50.0,70.0,60.0,90.0,90.0
3308,Russian Federation,1150.0,1210.0,1540.0,2020.0,3460.0,1760.0,2220.0,1970.0,1640.0,1640.0,1510.0,1480.0,1290.0,1300.0,1730.0,2220.0,4020.0,1950.0,2350.0,1900.0,1640.0,1770.0,1790.0,1660.0,1330.0,1490.0,1980.0,2280.0,4290.0,2160.0,2580.0,2120.0,1910.0,1730.0,1930.0,1680.0,1350.0,1640.0,2000.0,2250.0,4460.0,2330.0,2060.0,30.0,90.0,180.0,190.0,220.0,140.0,100.0,70.0,70.0,40.0,100.0,80.0,90.0,100.0,120.0
3311,Slovakia,340.0,320.0,490.0,630.0,1110.0,690.0,850.0,600.0,540.0,400.0,440.0,500.0,370.0,360.0,470.0,670.0,1210.0,760.0,730.0,600.0,440.0,450.0,440.0,470.0,360.0,370.0,590.0,660.0,1110.0,770.0,860.0,560.0,490.0,460.0,510.0,400.0,320.0,390.0,570.0,710.0,1110.0,740.0,550.0,90.0,30.0,50.0,60.0,40.0,20.0,20.0,10.0,20.0,10.0,20.0,0.0,10.0,10.0,20.0
3312,Ukraine,330.0,320.0,520.0,530.0,680.0,470.0,560.0,560.0,490.0,470.0,460.0,430.0,390.0,480.0,470.0,570.0,720.0,570.0,610.0,540.0,540.0,490.0,470.0,480.0,410.0,500.0,530.0,650.0,830.0,690.0,720.0,590.0,600.0,540.0,510.0,520.0,430.0,450.0,560.0,610.0,870.0,670.0,560.0,80.0,50.0,130.0,180.0,160.0,90.0,70.0,60.0,40.0,60.0,70.0,90.0,110.0,80.0,140.0
4101,Algeria,30.0,10.0,20.0,20.0,40.0,30.0,20.0,30.0,30.0,20.0,20.0,50.0,20.0,20.0,40.0,40.0,30.0,30.0,40.0,30.0,20.0,20.0,30.0,30.0,30.0,20.0,30.0,40.0,40.0,20.0,20.0,20.0,10.0,20.0,60.0,50.0,20.0,20.0,20.0,40.0,20.0,20.0,20.0,0.0,0.0,0.0,0.0,10.0,0.0,0.0,0.0,0.0,10.0,0.0,0.0,0.0,0.0,0.0
4102,Egypt,710.0,470.0,490.0,790.0,680.0,530.0,560.0,670.0,540.0,500.0,630.0,650.0,630.0,520.0,630.0,940.0,700.0,630.0,670.0,650.0,520.0,790.0,720.0,730.0,730.0,550.0,710.0,1000.0,820.0,580.0,640.0,700.0,560.0,830.0,790.0,770.0,690.0,580.0,660.0,1080.0,860.0,610.0,280.0,30.0,10.0,70.0,150.0,140.0,70.0,60.0,60.0,50.0,40.0,40.0,30.0,30.0,20.0,50.0
4103,Libya,20.0,20.0,20.0,10.0,10.0,10.0,10.0,0.0,10.0,10.0,20.0,10.0,10.0,10.0,10.0,20.0,20.0,10.0,0.0,10.0,10.0,20.0,20.0,10.0,0.0,10.0,20.0,40.0,10.0,10.0,10.0,10.0,10.0,10.0,10.0,10.0,20.0,10.0,0.0,10.0,10.0,0.0,0.0,0.0,0.0,0.0,0.0,0.0,0.0,0.0,0.0,0.0,10.0,0.0,0.0,0.0,0.0,10.0
4104,Morocco,90.0,50.0,50.0,80.0,70.0,80.0,60.0,60.0,70.0,50.0,100.0,140.0,70.0,70.0,60.0,100.0,100.0,50.0,140.0,80.0,60.0,70.0,100.0,100.0,100.0,60.0,70.0,110.0,110.0,130.0,100.0,100.0,70.0,90.0,90.0,100.0,90.0,80.0,80.0,130.0,120.0,100.0,40.0,10.0,0.0,0.0,10.0,10.0,10.0,10.0,10.0,10.0,0.0,10.0,10.0,0.0,0.0,10.0
4105,Sudan,50.0,30.0,90.0,110.0,80.0,60.0,40.0,50.0,50.0,50.0,60.0,100.0,60.0,50.0,100.0,140.0,60.0,50.0,60.0,50.0,60.0,90.0,70.0,80.0,60.0,60.0,130.0,190.0,90.0,70.0,60.0,110.0,60.0,70.0,70.0,110.0,80.0,70.0,160.0,180.0,90.0,80.0,40.0,0.0,0.0,0.0,0.0,10.0,10.0,10.0,10.0,20.0,10.0,10.0,20.0,20.0,20.0,10.0
4106,Tunisia,40.0,30.0,30.0,30.0,40.0,30.0,40.0,40.0,30.0,40.0,40.0,40.0,30.0,30.0,20.0,40.0,50.0,30.0,50.0,30.0,40.0,30.0,30.0,40.0,20.0,30.0,30.0,20.0,50.0,30.0,40.0,40.0,20.0,20.0,50.0,30.0,30.0,40.0,40.0,30.0,50.0,20.0,20.0,0.0,0.0,0.0,10.0,0.0,0.0,0.0,0.0,0.0,0.0,0.0,0.0,0.0,0.0,0.0
4107,Western Sahara,0.0,0.0,0.0,0.0,0.0,0.0,0.0,0.0,0.0,0.0,0.0,0.0,0.0,0.0,0.0,0.0,0.0,0.0,0.0,0.0,0.0,0.0,0.0,0.0,0.0,0.0,0.0,0.0,0.0,0.0,0.0,0.0,0.0,0.0,0.0,0.0,0.0,0.0,0.0,0.0,0.0,0.0,0.0,0.0,0.0,0.0,0.0,0.0,0.0,0.0,0.0,0.0,0.0,0.0,0.0,0.0,0.0,0.0
4108,Sp North Africa,0.0,0.0,0.0,0.0,0.0,0.0,0.0,0.0,0.0,0.0,0.0,0.0,0.0,0.0,0.0,0.0,0.0,0.0,0.0,0.0,0.0,0.0,0.0,0.0,0.0,0.0,0.0,0.0,0.0,0.0,0.0,0.0,0.0,0.0,0.0,0.0,0.0,0.0,0.0,0.0,0.0,0.0,0.0,0.0,0.0,0.0,0.0,0.0,0.0,0.0,0.0,0.0,0.0,0.0,0.0,0.0,0.0,0.0
4111,South Sudan,10.0,10.0,0.0,20.0,10.0,10.0,10.0,10.0,10.0,10.0,10.0,10.0,10.0,10.0,10.0,20.0,20.0,10.0,10.0,10.0,10.0,10.0,10.0,10.0,10.0,10.0,20.0,20.0,20.0,10.0,10.0,10.0,10.0,10.0,10.0,10.0,10.0,10.0,20.0,30.0,30.0,20.0,0.0,0.0,0.0,0.0,0.0,0.0,0.0,0.0,0.0,10.0,0.0,0.0,0.0,0.0,0.0,10.0
4201,Bahrain,60.0,40.0,40.0,50.0,50.0,40.0,30.0,60.0,20.0,20.0,50.0,100.0,70.0,20.0,60.0,50.0,40.0,40.0,40.0,50.0,30.0,20.0,100.0,100.0,50.0,40.0,50.0,30.0,50.0,30.0,30.0,30.0,20.0,40.0,60.0,90.0,80.0,30.0,40.0,60.0,30.0,20.0,20.0,0.0,10.0,0.0,0.0,10.0,0.0,0.0,0.0,0.0,0.0,0.0,0.0,0.0,0.0,0.0
4202,Gaza Str/W Bank,0.0,0.0,0.0,0.0,0.0,0.0,0.0,0.0,0.0,0.0,0.0,0.0,0.0,0.0,0.0,0.0,0.0,0.0,0.0,0.0,0.0,0.0,0.0,0.0,0.0,0.0,0.0,0.0,0.0,0.0,0.0,0.0,0.0,0.0,0.0,0.0,0.0,0.0,0.0,0.0,0.0,0.0,0.0,0.0,0.0,0.0,0.0,0.0,0.0,0.0,0.0,0.0,0.0,0.0,0.0,0.0,0.0,0.0
4203,Iran,2020.0,1430.0,1590.0,2640.0,2340.0,1670.0,2580.0,3800.0,1610.0,1840.0,1780.0,1910.0,2190.0,1470.0,1840.0,2790.0,2710.0,1890.0,2820.0,4120.0,1670.0,1920.0,1940.0,1820.0,1840.0,1350.0,1720.0,2630.0,2090.0,1620.0,2370.0,2970.0,1490.0,1840.0,1560.0,1770.0,1630.0,1590.0,1720.0,2330.0,1950.0,1440.0,330.0,250.0,260.0,300.0,260.0,260.0,140.0,150.0,90.0,110.0,70.0,40.0,50.0,60.0,80.0,100.0
4204,Iraq,380.0,250.0,370.0,290.0,320.0,300.0,280.0,320.0,240.0,250.0,370.0,480.0,400.0,240.0,340.0,420.0,390.0,250.0,360.0,330.0,240.0,300.0,390.0,500.0,420.0,430.0,380.0,410.0,350.0,320.0,400.0,370.0,290.0,280.0,340.0,490.0,390.0,480.0,390.0,300.0,320.0,280.0,90.0,10.0,10.0,10.0,20.0,30.0,30.0,50.0,30.0,50.0,40.0,20.0,40.0,30.0,40.0,30.0
4205,Israel,900.0,1180.0,890.0,1120.0,1400.0,1320.0,1290.0,1250.0,890.0,660.0,840.0,1110.0,950.0,1230.0,920.0,1340.0,1530.0,1360.0,1630.0,1240.0,890.0,750.0,820.0,1120.0,1130.0,1040.0,1020.0,1300.0,1580.0,1300.0,1280.0,1420.0,1020.0,710.0,810.0,990.0,870.0,1610.0,950.0,1390.0,1640.0,1320.0,1050.0,130.0,40.0,70.0,70.0,90.0,50.0,50.0,30.0,40.0,30.0,10.0,40.0,30.0,60.0,50.0
4206,Jordan,300.0,180.0,330.0,340.0,350.0,260.0,280.0,340.0,230.0,330.0,320.0,340.0,270.0,260.0,260.0,380.0,410.0,350.0,380.0,320.0,240.0,370.0,340.0,390.0,290.0,250.0,280.0,400.0,400.0,290.0,300.0,260.0,240.0,370.0,370.0,360.0,240.0,260.0,290.0,370.0,370.0,300.0,150.0,0.0,60.0,10.0,20.0,30.0,30.0,40.0,10.0,30.0,30.0,20.0,20.0,10.0,10.0,30.0
4207,Kuwait,400.0,150.0,600.0,420.0,180.0,170.0,140.0,200.0,130.0,350.0,450.0,880.0,360.0,160.0,490.0,400.0,160.0,150.0,130.0,160.0,110.0,320.0,410.0,730.0,160.0,150.0,380.0,300.0,180.0,150.0,120.0,110.0,100.0,220.0,410.0,770.0,170.0,130.0,350.0,220.0,170.0,120.0,30.0,110.0,40.0,10.0,10.0,20.0,10.0,10.0,20.0,20.0,20.0,10.0,10.0,10.0,0.0,10.0
4208,Lebanon,950.0,600.0,670.0,940.0,1020.0,690.0,880.0,860.0,760.0,730.0,900.0,1280.0,880.0,630.0,680.0,930.0,1190.0,760.0,1180.0,1080.0,880.0,870.0,910.0,1290.0,910.0,670.0,730.0,1030.0,1160.0,830.0,950.0,780.0,820.0,950.0,960.0,1090.0,750.0,810.0,650.0,830.0,910.0,610.0,320.0,0.0,90.0,30.0,320.0,100.0,60.0,30.0,60.0,50.0,30.0,40.0,20.0,20.0,40.0,40.0
4211,Oman,200.0,100.0,390.0,410.0,170.0,150.0,100.0,140.0,160.0,440.0,340.0,280.0,180.0,140.0,460.0,350.0,190.0,150.0,100.0,90.0,130.0,400.0,270.0,250.0,150.0,170.0,520.0,320.0,150.0,150.0,100.0,130.0,100.0,350.0,300.0,220.0,170.0,140.0,490.0,360.0,140.0,120.0,690.0,10.0,10.0,10.0,40.0,10.0,10.0,20.0,30.0,40.0,30.0,10.0,10.0,0.0,0.0,10.0
4212,Qatar,290.0,30.0,50.0,20.0,30.0,30.0,30.0,30.0,30.0,30.0,90.0,220.0,80.0,20.0,40.0,30.0,10.0,20.0,40.0,20.0,20.0,40.0,150.0,460.0,80.0,60.0,30.0,60.0,30.0,30.0,30.0,50.0,20.0,40.0,190.0,540.0,70.0,40.0,50.0,50.0,30.0,10.0,30.0,0.0,0.0,0.0,0.0,0.0,0.0,10.0,0.0,0.0,0.0,0.0,0.0,0.0,0.0,0.0
4213,Saudi Arabia,1970.0,810.0,2430.0,3640.0,1240.0,860.0,670.0,820.0,930.0,1930.0,1450.0,1800.0,1790.0,1060.0,2320.0,3260.0,1090.0,670.0,620.0,630.0,790.0,1830.0,1900.0,2040.0,960.0,880.0,2140.0,3670.0,1070.0,780.0,710.0,870.0,890.0,1740.0,1860.0,2100.0,930.0,890.0,2480.0,4150.0,1550.0,1140.0,270.0,0.0,640.0,630.0,30.0,490.0,230.0,240.0,270.0,500.0,610.0,170.0,170.0,190.0,120.0,150.0
4214,Syria,80.0,70.0,90.0,130.0,100.0,90.0,90.0,100.0,100.0,100.0,150.0,150.0,140.0,150.0,120.0,190.0,150.0,110.0,160.0,150.0,140.0,160.0,190.0,240.0,180.0,170.0,150.0,240.0,150.0,100.0,160.0,190.0,140.0,220.0,280.0,280.0,230.0,150.0,150.0,210.0,140.0,120.0,50.0,0.0,0.0,0.0,0.0,10.0,10.0,0.0,10.0,10.0,10.0,0.0,0.0,0.0,10.0,10.0
4215,Turkey,920.0,550.0,730.0,730.0,1130.0,1010.0,840.0,800.0,830.0,870.0,1080.0,960.0,890.0,620.0,730.0,910.0,1220.0,1060.0,910.0,930.0,770.0,1000.0,980.0,1110.0,860.0,660.0,740.0,870.0,1040.0,950.0,930.0,780.0,820.0,1020.0,1010.0,1000.0,790.0,700.0,710.0,990.0,1040.0,880.0,670.0,40.0,110.0,180.0,190.0,180.0,120.0,80.0,80.0,50.0,50.0,30.0,50.0,50.0,60.0,50.0
4216,United Arab Emirates,440.0,210.0,320.0,310.0,140.0,140.0,260.0,250.0,220.0,220.0,1250.0,3200.0,570.0,190.0,300.0,370.0,190.0,150.0,220.0,280.0,220.0,240.0,980.0,3310.0,500.0,210.0,330.0,260.0,170.0,150.0,170.0,260.0,130.0,330.0,950.0,3090.0,320.0,210.0,310.0,290.0,160.0,160.0,400.0,0.0,0.0,0.0,0.0,10.0,0.0,10.0,10.0,20.0,0.0,10.0,0.0,10.0,0.0,0.0
4217,Yemen,20.0,10.0,20.0,30.0,20.0,10.0,20.0,30.0,20.0,10.0,20.0,30.0,20.0,20.0,30.0,40.0,20.0,10.0,20.0,20.0,20.0,40.0,40.0,50.0,40.0,20.0,30.0,60.0,20.0,20.0,10.0,40.0,20.0,30.0,30.0,40.0,30.0,20.0,40.0,60.0,20.0,20.0,10.0,0.0,0.0,0.0,0.0,0.0,0.0,0.0,0.0,0.0,0.0,0.0,0.0,0.0,0.0,0.0
5101,Myanmar (Republic of the Union of Myanmar),580.0,670.0,1000.0,1280.0,770.0,670.0,680.0,1230.0,760.0,810.0,750.0,660.0,680.0,830.0,1110.0,1490.0,780.0,650.0,790.0,1150.0,750.0,910.0,940.0,630.0,790.0,780.0,1300.0,1440.0,850.0,750.0,800.0,1210.0,960.0,960.0,940.0,810.0,740.0,1070.0,1440.0,1670.0,1060.0,820.0,610.0,0.0,10.0,90.0,130.0,290.0,0.0,120.0,150.0,10.0,120.0,10.0,10.0,10.0,10.0,10.0
5102,Cambodia,840.0,1160.0,1180.0,1290.0,1250.0,780.0,950.0,1340.0,790.0,950.0,1160.0,890.0,1080.0,990.0,1170.0,1660.0,1380.0,950.0,1470.0,1520.0,1020.0,1040.0,1250.0,1360.0,1130.0,1710.0,1580.0,2010.0,1590.0,1260.0,1400.0,2030.0,1490.0,1440.0,1680.0,1640.0,1470.0,1550.0,1790.0,2280.0,1970.0,1070.0,680.0,20.0,30.0,70.0,180.0,220.0,170.0,110.0,150.0,110.0,80.0,60.0,30.0,10.0,20.0,20.0
5103,Laos,160.0,250.0,240.0,390.0,260.0,160.0,200.0,220.0,150.0,160.0,220.0,240.0,230.0,180.0,200.0,350.0,270.0,180.0,320.0,290.0,140.0,240.0,230.0,260.0,180.0,220.0,240.0,330.0,270.0,130.0,190.0,210.0,170.0,220.0,320.0,400.0,210.0,210.0,230.0,340.0,320.0,200.0,140.0,0.0,0.0,0.0,50.0,50.0,0.0,50.0,20.0,40.0,10.0,10.0,30.0,10.0,10.0,10.0
5104,Thailand,7450.0,8670.0,7710.0,9290.0,7880.0,6550.0,8550.0,13270.0,9500.0,7600.0,8480.0,7740.0,9150.0,9490.0,7880.0,9680.0,8080.0,6200.0,9430.0,13620.0,9540.0,8270.0,8800.0,8930.0,7830.0,9890.0,7930.0,9570.0,8270.0,6240.0,9340.0,13950.0,10410.0,7830.0,8950.0,9360.0,9320.0,10450.0,8790.0,9400.0,8590.0,6060.0,4830.0,230.0,540.0,660.0,230.0,780.0,720.0,260.0,450.0,370.0,290.0,230.0,220.0,170.0,110.0,140.0
5105,Vietnam,6120.0,7290.0,8600.0,11500.0,14860.0,8660.0,6600.0,8460.0,8450.0,11490.0,12210.0,8870.0,8580.0,9720.0,11070.0,13900.0,14620.0,14840.0,9260.0,9700.0,10620.0,13320.0,14710.0,10890.0,9840.0,11090.0,12180.0,16060.0,19150.0,12770.0,9210.0,10400.0,10930.0,15160.0,16860.0,12400.0,11490.0,12510.0,14600.0,18610.0,21230.0,9880.0,8010.0,10.0,30.0,250.0,680.0,920.0,1180.0,880.0,970.0,620.0,350.0,10.0,360.0,350.0,330.0,260.0
5201,Brunei Darussalam,430.0,330.0,520.0,780.0,340.0,320.0,490.0,440.0,360.0,640.0,660.0,390.0,450.0,340.0,570.0,710.0,280.0,380.0,570.0,420.0,300.0,680.0,620.0,540.0,490.0,380.0,690.0,770.0,270.0,320.0,490.0,380.0,410.0,650.0,520.0,600.0,620.0,400.0,570.0,910.0,380.0,380.0,250.0,40.0,20.0,10.0,20.0,10.0,10.0,0.0,20.0,20.0,20.0,10.0,0.0,10.0,10.0,10.0
5202,Indonesia,15200.0,15740.0,16570.0,27950.0,22870.0,12260.0,16530.0,17280.0,15570.0,22670.0,35590.0,16030.0,17700.0,17390.0,19940.0,25450.0,21560.0,15140.0,18440.0,17320.0,15960.0,39100.0,26530.0,19650.0,17270.0,18690.0,20270.0,26290.0,24530.0,14980.0,18780.0,17710.0,16510.0,43680.0,29680.0,19720.0,19510.0,19530.0,21470.0,26640.0,25730.0,14250.0,10650.0,1210.0,480.0,540.0,1210.0,910.0,590.0,570.0,560.0,910.0,570.0,380.0,410.0,350.0,270.0,380.0
5203,Malaysia,55130.0,40810.0,47850.0,68180.0,38330.0,30130.0,44180.0,41410.0,47860.0,58500.0,39380.0,44560.0,54340.0,42370.0,45150.0,63670.0,29200.0,38610.0,40690.0,37470.0,42620.0,59050.0,38160.0,50530.0,52330.0,38330.0,51260.0,62560.0,32840.0,32970.0,38880.0,37890.0,43490.0,56270.0,37870.0,53140.0,48530.0,39470.0,48110.0,64380.0,39660.0,21820.0,16160.0,1540.0,670.0,400.0,2240.0,1520.0,1040.0,1030.0,890.0,1000.0,980.0,510.0,560.0,470.0,620.0,440.0
5204,Philippines,11970.0,12000.0,13260.0,17710.0,15030.0,10460.0,13120.0,16750.0,15530.0,15220.0,13830.0,12530.0,13100.0,13430.0,14930.0,20110.0,16480.0,11050.0,14690.0,16240.0,16850.0,17870.0,15700.0,15470.0,15380.0,15790.0,17810.0,22690.0,19370.0,12500.0,15810.0,19810.0,19840.0,20540.0,16870.0,17570.0,16480.0,18400.0,17520.0,22460.0,18720.0,12040.0,8650.0,830.0,280.0,460.0,590.0,790.0,780.0,770.0,760.0,870.0,530.0,610.0,430.0,380.0,590.0,530.0
5205,Singapore,30650.0,24600.0,32980.0,53790.0,17650.0,16280.0,27370.0,23050.0,28670.0,48970.0,22910.0,24330.0,30510.0,25470.0,33950.0,48890.0,14950.0,19100.0,27790.0,22720.0,27490.0,50100.0,23660.0,27820.0,29120.0,23460.0,35060.0,50670.0,16000.0,18330.0,27010.0,22610.0,29970.0,54530.0,25030.0,32660.0,29750.0,25400.0,36430.0,50100.0,18170.0,13010.0,13950.0,400.0,270.0,380.0,430.0,420.0,250.0,280.0,510.0,880.0,330.0,290.0,210.0,200.0,260.0,260.0
5206,Timor-Leste,230.0,210.0,250.0,400.0,220.0,180.0,190.0,200.0,260.0,230.0,240.0,190.0,240.0,300.0,380.0,350.0,210.0,220.0,280.0,370.0,330.0,270.0,250.0,260.0,300.0,260.0,350.0,460.0,260.0,290.0,370.0,460.0,690.0,320.0,370.0,250.0,270.0,370.0,400.0,490.0,270.0,150.0,280.0,10.0,10.0,0.0,10.0,60.0,20.0,30.0,50.0,30.0,0.0,20.0,20.0,0.0,10.0,90.0
6101,China (excludes SARs and Taiwan),93230.0,110440.0,139040.0,157240.0,145870.0,171370.0,117820.0,124220.0,108380.0,127640.0,122210.0,146690.0,112460.0,130570.0,157510.0,183180.0,121050.0,220490.0,148520.0,131970.0,121440.0,147390.0,127370.0,150910.0,118850.0,137830.0,171330.0,189870.0,149340.0,206380.0,129590.0,140330.0,124550.0,143630.0,130090.0,158760.0,122100.0,134990.0,166570.0,202970.0,157800.0,56150.0,38670.0,3690.0,4200.0,4160.0,6610.0,9690.0,9080.0,9280.0,9130.0,9320.0,7670.0,4700.0,4810.0,4010.0,4070.0,4160.0
6102,Hong Kong (SAR of China),11880.0,14260.0,17050.0,21440.0,16420.0,19420.0,13710.0,24310.0,15430.0,15400.0,16270.0,27670.0,13310.0,17600.0,19210.0,23290.0,16480.0,22780.0,18180.0,26700.0,14910.0,16820.0,19430.0,29970.0,15220.0,17700.0,19630.0,25370.0,17860.0,25690.0,17760.0,24410.0,17410.0,17590.0,20890.0,33450.0,16360.0,17650.0,19360.0,26380.0,20510.0,16240.0,10210.0,740.0,860.0,780.0,690.0,360.0,340.0,340.0,530.0,380.0,260.0,150.0,170.0,140.0,170.0,180.0
6103,Macau (SAR of China),310.0,420.0,510.0,710.0,360.0,570.0,380.0,400.0,360.0,500.0,520.0,1000.0,360.0,410.0,620.0,800.0,360.0,630.0,360.0,590.0,330.0,540.0,560.0,1040.0,370.0,430.0,560.0,890.0,400.0,530.0,350.0,490.0,500.0,550.0,560.0,1240.0,400.0,450.0,580.0,920.0,500.0,250.0,250.0,0.0,0.0,40.0,50.0,10.0,10.0,10.0,30.0,40.0,20.0,0.0,0.0,10.0,10.0,0.0
6104,Mongolia,210.0,180.0,210.0,290.0,370.0,280.0,340.0,310.0,300.0,470.0,520.0,370.0,320.0,240.0,380.0,520.0,500.0,360.0,530.0,410.0,460.0,610.0,600.0,640.0,380.0,400.0,560.0,730.0,720.0,520.0,640.0,520.0,620.0,840.0,930.0,700.0,500.0,430.0,520.0,860.0,850.0,390.0,100.0,20.0,40.0,240.0,270.0,300.0,300.0,20.0,20.0,50.0,0.0,10.0,130.0,70.0,80.0,80.0
6105,Taiwan,16140.0,14480.0,14010.0,12120.0,16990.0,16550.0,15730.0,14330.0,13760.0,14250.0,16220.0,19730.0,14760.0,16960.0,13680.0,15220.0,17110.0,23550.0,17020.0,17150.0,17200.0,15520.0,18750.0,19990.0,17220.0,16010.0,15240.0,13080.0,19880.0,21680.0,16910.0,16370.0,15510.0,16170.0,17520.0,22480.0,17210.0,17970.0,15650.0,14710.0,22080.0,15220.0,7970.0,1480.0,1480.0,900.0,740.0,820.0,650.0,540.0,450.0,410.0,630.0,260.0,280.0,300.0,200.0,120.0
6201,Japan,42690.0,37400.0,42890.0,40580.0,41790.0,37800.0,58440.0,28820.0,31550.0,26760.0,27470.0,62170.0,42120.0,36700.0,42720.0,42680.0,43410.0,39860.0,59560.0,29260.0,32780.0,28380.0,29190.0,66430.0,45010.0,39720.0,44710.0,43730.0,43400.0,39010.0,60120.0,29690.0,41010.0,27840.0,32560.0,69060.0,47820.0,40470.0,45910.0,45670.0,49320.0,39120.0,27620.0,2380.0,460.0,620.0,720.0,710.0,540.0,490.0,600.0,780.0,400.0,370.0,490.0,350.0,360.0,310.0
6202,Korea Democratic People's Republic of (North),0.0,0.0,0.0,20.0,0.0,0.0,0.0,0.0,0.0,0.0,0.0,0.0,0.0,0.0,0.0,0.0,0.0,0.0,0.0,0.0,0.0,0.0,0.0,0.0,0.0,0.0,0.0,0.0,0.0,0.0,0.0,0.0,0.0,0.0,0.0,0.0,0.0,0.0,0.0,0.0,0.0,0.0,0.0,0.0,0.0,0.0,0.0,0.0,0.0,0.0,0.0,0.0,0.0,0.0,0.0,0.0,0.0,0.0
6203,Korea Republic of (South),23390.0,23280.0,27950.0,29050.0,37240.0,31480.0,26920.0,23400.0,25880.0,20270.0,20470.0,27050.0,23690.0,36580.0,30160.0,34660.0,40440.0,31540.0,31200.0,25630.0,23920.0,22680.0,21550.0,31240.0,26420.0,26920.0,30280.0,34350.0,38340.0,36750.0,34290.0,24360.0,23840.0,24000.0,22460.0,31550.0,25320.0,25710.0,31660.0,36580.0,39070.0,28470.0,8480.0,6360.0,2050.0,1290.0,1420.0,1230.0,860.0,790.0,680.0,900.0,770.0,610.0,440.0,390.0,500.0,520.0
7101,Bangladesh,1970.0,1540.0,2260.0,2700.0,2850.0,1910.0,1690.0,2040.0,1770.0,2330.0,2270.0,2070.0,1770.0,1800.0,2800.0,2920.0,3340.0,2330.0,2160.0,2230.0,1910.0,2910.0,2930.0,2470.0,1920.0,1910.0,2740.0,2800.0,3780.0,2510.0,2150.0,2430.0,1940.0,3180.0,2490.0,2490.0,1910.0,2220.0,3110.0,3510.0,4010.0,2390.0,1380.0,0.0,160.0,200.0,180.0,300.0,320.0,320.0,280.0,360.0,280.0,260.0,250.0,50.0,100.0,90.0
7102,Bhutan,120.0,100.0,110.0,290.0,330.0,110.0,90.0,100.0,90.0,120.0,150.0,70.0,140.0,120.0,130.0,350.0,320.0,150.0,130.0,170.0,100.0,170.0,180.0,100.0,200.0,140.0,170.0,460.0,370.0,190.0,180.0,190.0,160.0,170.0,200.0,150.0,170.0,190.0,220.0,510.0,430.0,290.0,130.0,70.0,0.0,20.0,20.0,20.0,0.0,20.0,0.0,90.0,0.0,0.0,40.0,10.0,0.0,0.0
7103,India,30780.0,37820.0,44190.0,48500.0,49520.0,35910.0,33780.0,37160.0,38460.0,37700.0,34040.0,33530.0,35540.0,41160.0,53110.0,56060.0,58490.0,41220.0,42760.0,42490.0,44640.0,46830.0,42010.0,38910.0,39390.0,47850.0,57080.0,65610.0,68800.0,46290.0,44440.0,47510.0,48660.0,50280.0,44150.0,43680.0,44680.0,55220.0,64820.0,68450.0,73240.0,50120.0,27710.0,100.0,1650.0,2010.0,5490.0,6540.0,6080.0,5070.0,5970.0,5350.0,5340.0,4500.0,3510.0,2400.0,980.0,960.0
7104,Maldives,80.0,60.0,130.0,230.0,110.0,80.0,70.0,100.0,110.0,100.0,110.0,70.0,100.0,70.0,100.0,210.0,130.0,70.0,90.0,100.0,70.0,100.0,120.0,80.0,120.0,80.0,120.0,180.0,160.0,70.0,100.0,80.0,50.0,110.0,110.0,110.0,80.0,90.0,150.0,230.0,130.0,90.0,50.0,0.0,0.0,0.0,10.0,10.0,10.0,10.0,10.0,10.0,10.0,10.0,0.0,0.0,0.0,0.0
7105,Nepal,2220.0,4210.0,3180.0,2140.0,4030.0,3360.0,2420.0,2570.0,2140.0,2680.0,2200.0,1980.0,4260.0,3910.0,3910.0,2710.0,4620.0,4430.0,3310.0,3500.0,2790.0,3450.0,3000.0,2550.0,2930.0,6480.0,5450.0,3810.0,7140.0,5590.0,4270.0,4020.0,4130.0,4210.0,3800.0,3450.0,5270.0,7570.0,6880.0,4630.0,8530.0,6650.0,2990.0,10.0,10.0,510.0,320.0,460.0,610.0,810.0,570.0,470.0,720.0,680.0,540.0,460.0,80.0,80.0
7106,Pakistan,3240.0,2400.0,4510.0,4430.0,4270.0,3100.0,3030.0,2750.0,2200.0,2990.0,3230.0,4370.0,2920.0,2990.0,5670.0,5050.0,5180.0,3670.0,4140.0,3200.0,2220.0,3700.0,3990.0,4840.0,3150.0,3330.0,5710.0,6190.0,5370.0,3770.0,3820.0,3300.0,2430.0,3470.0,4200.0,4490.0,3110.0,4030.0,6010.0,5970.0,5910.0,4170.0,2270.0,260.0,70.0,290.0,430.0,750.0,550.0,540.0,500.0,580.0,490.0,370.0,370.0,240.0,230.0,210.0
7107,Sri Lanka,3800.0,3790.0,5260.0,8360.0,6240.0,4130.0,4550.0,6520.0,4670.0,4310.0,4270.0,4390.0,4420.0,4270.0,6000.0,8650.0,7610.0,4800.0,5530.0,7040.0,5410.0,5060.0,4890.0,5350.0,4950.0,4770.0,6400.0,8710.0,7630.0,4910.0,5630.0,7240.0,5540.0,5000.0,4990.0,5520.0,5090.0,5130.0,6460.0,8750.0,7970.0,5090.0,3460.0,10.0,550.0,180.0,250.0,950.0,790.0,40.0,290.0,540.0,400.0,390.0,310.0,310.0,160.0,130.0
7201,Afghanistan,530.0,340.0,660.0,740.0,560.0,340.0,780.0,680.0,400.0,690.0,860.0,1000.0,550.0,390.0,750.0,810.0,560.0,500.0,1070.0,630.0,350.0,1000.0,880.0,1080.0,540.0,580.0,700.0,1200.0,720.0,610.0,1080.0,550.0,530.0,700.0,750.0,590.0,410.0,620.0,810.0,980.0,550.0,490.0,200.0,10.0,10.0,10.0,20.0,30.0,40.0,80.0,90.0,80.0,70.0,60.0,80.0,60.0,70.0,60.0
7202,Armenia,20.0,20.0,20.0,20.0,30.0,20.0,40.0,30.0,30.0,20.0,30.0,40.0,40.0,20.0,20.0,30.0,30.0,40.0,30.0,20.0,30.0,30.0,20.0,30.0,20.0,10.0,30.0,40.0,80.0,30.0,30.0,20.0,50.0,30.0,30.0,30.0,30.0,30.0,20.0,30.0,50.0,40.0,20.0,0.0,0.0,0.0,0.0,10.0,0.0,0.0,0.0,0.0,0.0,0.0,0.0,0.0,0.0,0.0
7203,Azerbaijan,30.0,40.0,30.0,40.0,30.0,30.0,40.0,20.0,20.0,30.0,20.0,20.0,20.0,30.0,20.0,50.0,70.0,20.0,40.0,60.0,20.0,40.0,30.0,30.0,40.0,40.0,50.0,30.0,30.0,20.0,30.0,40.0,40.0,30.0,40.0,30.0,30.0,20.0,40.0,50.0,40.0,30.0,30.0,0.0,0.0,0.0,10.0,0.0,0.0,0.0,0.0,10.0,0.0,0.0,0.0,10.0,10.0,0.0
7204,Georgia,10.0,20.0,20.0,30.0,20.0,10.0,10.0,20.0,30.0,20.0,10.0,20.0,20.0,20.0,20.0,20.0,30.0,20.0,30.0,20.0,20.0,90.0,30.0,20.0,20.0,60.0,40.0,20.0,20.0,20.0,20.0,30.0,20.0,20.0,20.0,30.0,10.0,20.0,30.0,30.0,40.0,20.0,30.0,0.0,0.0,10.0,10.0,10.0,0.0,10.0,0.0,0.0,0.0,0.0,0.0,10.0,10.0,0.0
7205,Kazakhstan,100.0,110.0,120.0,140.0,190.0,100.0,130.0,130.0,160.0,150.0,130.0,100.0,120.0,90.0,100.0,150.0,190.0,150.0,160.0,140.0,210.0,160.0,150.0,140.0,140.0,110.0,140.0,180.0,280.0,140.0,140.0,170.0,130.0,150.0,150.0,130.0,130.0,120.0,130.0,250.0,250.0,170.0,110.0,10.0,10.0,10.0,10.0,20.0,10.0,10.0,10.0,20.0,10.0,20.0,10.0,10.0,10.0,10.0
7206,Kyrgyzstan,10.0,10.0,10.0,20.0,30.0,10.0,20.0,30.0,20.0,20.0,20.0,20.0,10.0,10.0,20.0,30.0,20.0,10.0,10.0,10.0,20.0,20.0,10.0,30.0,10.0,10.0,20.0,20.0,40.0,20.0,20.0,20.0,20.0,20.0,20.0,20.0,20.0,20.0,20.0,40.0,40.0,20.0,20.0,0.0,0.0,0.0,0.0,0.0,10.0,0.0,0.0,0.0,0.0,0.0,0.0,0.0,0.0,0.0
7207,Tajikistan,10.0,10.0,0.0,0.0,10.0,0.0,0.0,10.0,0.0,10.0,0.0,0.0,0.0,0.0,0.0,10.0,10.0,0.0,0.0,10.0,0.0,10.0,0.0,10.0,10.0,0.0,0.0,0.0,10.0,0.0,10.0,10.0,0.0,10.0,10.0,10.0,0.0,10.0,0.0,20.0,10.0,0.0,10.0,0.0,0.0,0.0,0.0,0.0,0.0,0.0,0.0,0.0,0.0,0.0,0.0,0.0,0.0,0.0
7208,Turkmenistan,0.0,0.0,10.0,10.0,0.0,0.0,0.0,10.0,0.0,0.0,0.0,0.0,0.0,0.0,10.0,0.0,0.0,0.0,10.0,10.0,10.0,10.0,10.0,10.0,0.0,10.0,0.0,0.0,20.0,0.0,0.0,0.0,10.0,0.0,0.0,10.0,10.0,10.0,0.0,10.0,0.0,0.0,0.0,0.0,0.0,0.0,0.0,0.0,0.0,0.0,0.0,0.0,0.0,0.0,0.0,0.0,0.0,0.0
7211,Uzbekistan,60.0,50.0,60.0,60.0,90.0,70.0,60.0,60.0,50.0,60.0,70.0,50.0,70.0,50.0,50.0,60.0,70.0,60.0,60.0,70.0,50.0,90.0,70.0,70.0,50.0,100.0,110.0,80.0,100.0,70.0,60.0,60.0,60.0,50.0,90.0,100.0,40.0,50.0,60.0,90.0,90.0,50.0,30.0,0.0,0.0,0.0,0.0,10.0,10.0,10.0,10.0,10.0,0.0,10.0,10.0,10.0,0.0,10.0
8101,Bermuda,0.0,0.0,0.0,0.0,0.0,0.0,0.0,0.0,0.0,0.0,0.0,0.0,0.0,0.0,0.0,0.0,0.0,0.0,0.0,10.0,0.0,0.0,0.0,0.0,0.0,0.0,0.0,0.0,0.0,0.0,0.0,0.0,0.0,0.0,0.0,0.0,0.0,0.0,0.0,0.0,0.0,0.0,0.0,0.0,0.0,0.0,0.0,0.0,0.0,0.0,0.0,0.0,0.0,0.0,0.0,0.0,0.0,0.0
8102,Canada,10670.0,13030.0,18290.0,19100.0,20520.0,19330.0,24780.0,21020.0,13860.0,11750.0,12490.0,13310.0,10850.0,13620.0,19390.0,21350.0,24070.0,22140.0,25590.0,22290.0,14160.0,12340.0,14020.0,13890.0,11570.0,15130.0,20710.0,23780.0,24920.0,22310.0,28830.0,22650.0,15450.0,13310.0,14610.0,15050.0,11660.0,15330.0,20230.0,23950.0,24240.0,21770.0,23220.0,1470.0,310.0,500.0,680.0,540.0,300.0,300.0,340.0,340.0,240.0,220.0,210.0,210.0,370.0,390.0
8103,St Pierre/Mique,0.0,0.0,0.0,0.0,0.0,0.0,0.0,0.0,0.0,0.0,0.0,0.0,0.0,0.0,0.0,0.0,0.0,0.0,0.0,0.0,0.0,0.0,0.0,0.0,0.0,0.0,0.0,0.0,0.0,0.0,0.0,0.0,0.0,0.0,0.0,0.0,0.0,0.0,0.0,0.0,0.0,0.0,0.0,0.0,0.0,0.0,0.0,0.0,0.0,0.0,0.0,0.0,0.0,0.0,0.0,0.0,0.0,0.0
8104,United States of America,42610.0,50820.0,63980.0,60880.0,76280.0,61070.0,74670.0,66570.0,46150.0,51580.0,56730.0,50510.0,42720.0,54210.0,69660.0,67380.0,82250.0,72920.0,82110.0,66230.0,50870.0,56180.0,62360.0,52460.0,46910.0,58640.0,76800.0,78700.0,91850.0,77840.0,93610.0,77080.0,57010.0,62770.0,68290.0,59890.0,49680.0,59810.0,74770.0,82390.0,93630.0,77150.0,60770.0,1940.0,1150.0,1320.0,1490.0,1160.0,800.0,960.0,890.0,1110.0,700.0,770.0,770.0,970.0,1410.0,1660.0
8201,Argentina,1240.0,1260.0,1370.0,1260.0,2660.0,1930.0,2400.0,1860.0,1350.0,1110.0,1320.0,1110.0,1440.0,1690.0,1820.0,1590.0,3900.0,2760.0,3680.0,2740.0,1800.0,1420.0,1940.0,1510.0,1590.0,1680.0,1760.0,1520.0,3250.0,2280.0,2930.0,1660.0,1400.0,1200.0,1540.0,1440.0,1450.0,1690.0,1780.0,1600.0,2440.0,2250.0,2160.0,300.0,70.0,110.0,40.0,70.0,50.0,70.0,90.0,150.0,70.0,90.0,60.0,50.0,60.0,60.0
8202,Bolivia Plurinational State of,30.0,30.0,40.0,40.0,30.0,30.0,20.0,30.0,20.0,20.0,40.0,30.0,40.0,30.0,30.0,40.0,40.0,30.0,60.0,40.0,30.0,20.0,30.0,20.0,30.0,30.0,40.0,50.0,50.0,30.0,50.0,40.0,30.0,20.0,40.0,20.0,20.0,40.0,50.0,50.0,70.0,30.0,30.0,0.0,0.0,0.0,0.0,0.0,0.0,0.0,0.0,0.0,10.0,10.0,0.0,0.0,0.0,0.0
8203,Brazil,3810.0,3670.0,4740.0,5990.0,8160.0,4750.0,5190.0,4700.0,4200.0,4070.0,4720.0,4170.0,4380.0,5130.0,5470.0,6950.0,9280.0,5800.0,6190.0,5880.0,5470.0,5160.0,5750.0,5250.0,5280.0,5250.0,5380.0,7760.0,8110.0,5850.0,6890.0,6300.0,5460.0,5210.0,6080.0,5440.0,5150.0,5770.0,5860.0,7670.0,8990.0,5660.0,4790.0,1030.0,410.0,730.0,400.0,430.0,350.0,310.0,370.0,430.0,290.0,200.0,170.0,140.0,170.0,190.0
8204,Chile,1810.0,1760.0,1910.0,1860.0,2450.0,2610.0,2510.0,2100.0,2040.0,1810.0,2010.0,1810.0,1910.0,2370.0,2220.0,2330.0,2830.0,3630.0,3220.0,2600.0,2300.0,2120.0,2540.0,2350.0,2910.0,2720.0,2610.0,2090.0,3070.0,3670.0,3880.0,2580.0,2230.0,2120.0,2350.0,2190.0,2910.0,2520.0,2380.0,2260.0,2730.0,3350.0,3120.0,240.0,20.0,200.0,20.0,70.0,110.0,90.0,140.0,100.0,110.0,70.0,60.0,40.0,60.0,50.0
8205,Colombia,1000.0,1180.0,1870.0,2410.0,2310.0,1330.0,1330.0,1440.0,1360.0,1600.0,1570.0,1330.0,1400.0,1590.0,2190.0,2640.0,2920.0,1690.0,1860.0,1700.0,1750.0,2360.0,1770.0,1710.0,1690.0,1810.0,2530.0,3340.0,3280.0,1930.0,2110.0,2060.0,2120.0,2230.0,2060.0,2020.0,1900.0,2070.0,2910.0,3710.0,3400.0,2220.0,1430.0,20.0,180.0,210.0,190.0,50.0,470.0,210.0,310.0,270.0,220.0,160.0,170.0,130.0,130.0,110.0
8206,Ecuador,90.0,80.0,200.0,190.0,170.0,110.0,110.0,90.0,120.0,130.0,120.0,140.0,150.0,120.0,170.0,200.0,150.0,110.0,100.0,100.0,90.0,130.0,170.0,130.0,120.0,110.0,160.0,220.0,230.0,180.0,150.0,150.0,100.0,130.0,170.0,160.0,120.0,140.0,180.0,210.0,150.0,130.0,100.0,10.0,10.0,10.0,20.0,10.0,10.0,20.0,20.0,10.0,10.0,0.0,0.0,0.0,10.0,0.0
8207,Falkland Islands,0.0,0.0,0.0,0.0,0.0,0.0,0.0,0.0,0.0,0.0,0.0,0.0,0.0,0.0,0.0,0.0,0.0,0.0,0.0,0.0,0.0,0.0,0.0,0.0,0.0,0.0,0.0,0.0,0.0,0.0,0.0,0.0,0.0,0.0,0.0,0.0,0.0,0.0,0.0,0.0,0.0,0.0,0.0,0.0,0.0,0.0,0.0,0.0,0.0,0.0,0.0,0.0,0.0,0.0,0.0,0.0,0.0,0.0
8208,French Guiana,0.0,0.0,0.0,0.0,0.0,0.0,0.0,0.0,0.0,0.0,0.0,0.0,0.0,0.0,0.0,0.0,0.0,0.0,0.0,0.0,0.0,0.0,0.0,0.0,0.0,0.0,0.0,0.0,0.0,0.0,0.0,0.0,0.0,0.0,0.0,0.0,0.0,0.0,0.0,0.0,0.0,0.0,0.0,0.0,0.0,0.0,0.0,0.0,0.0,0.0,0.0,0.0,0.0,0.0,0.0,0.0,0.0,0.0
8211,Guyana,10.0,10.0,0.0,10.0,0.0,10.0,0.0,10.0,10.0,0.0,0.0,0.0,30.0,20.0,10.0,10.0,10.0,0.0,10.0,40.0,0.0,0.0,10.0,10.0,0.0,10.0,10.0,20.0,10.0,0.0,0.0,10.0,10.0,0.0,0.0,0.0,10.0,0.0,10.0,10.0,10.0,10.0,10.0,0.0,0.0,0.0,0.0,0.0,0.0,0.0,0.0,0.0,0.0,0.0,0.0,0.0,0.0,0.0
8212,Paraguay,20.0,10.0,30.0,20.0,70.0,30.0,10.0,30.0,20.0,20.0,30.0,20.0,30.0,30.0,40.0,40.0,100.0,20.0,30.0,30.0,30.0,30.0,40.0,30.0,10.0,40.0,40.0,30.0,90.0,40.0,50.0,20.0,30.0,20.0,40.0,40.0,30.0,30.0,30.0,40.0,90.0,40.0,30.0,0.0,0.0,10.0,0.0,0.0,0.0,0.0,0.0,0.0,10.0,0.0,0.0,0.0,0.0,0.0
8213,Peru,340.0,390.0,520.0,510.0,460.0,380.0,430.0,370.0,340.0,380.0,350.0,400.0,390.0,450.0,730.0,510.0,560.0,500.0,470.0,440.0,410.0,480.0,400.0,460.0,400.0,380.0,560.0,640.0,570.0,480.0,560.0,500.0,450.0,460.0,520.0,480.0,450.0,440.0,520.0,660.0,630.0,520.0,320.0,120.0,0.0,90.0,20.0,30.0,20.0,20.0,30.0,30.0,20.0,10.0,10.0,10.0,20.0,20.0
8214,Suriname,0.0,0.0,0.0,10.0,0.0,0.0,0.0,10.0,0.0,10.0,0.0,0.0,0.0,0.0,10.0,0.0,0.0,0.0,0.0,0.0,0.0,0.0,10.0,10.0,0.0,0.0,10.0,0.0,10.0,0.0,0.0,0.0,0.0,0.0,10.0,0.0,0.0,0.0,10.0,10.0,0.0,0.0,0.0,0.0,0.0,0.0,0.0,0.0,0.0,0.0,0.0,0.0,0.0,0.0,0.0,0.0,0.0,0.0
8215,Uruguay,120.0,130.0,170.0,110.0,150.0,180.0,430.0,200.0,140.0,130.0,130.0,130.0,110.0,180.0,160.0,140.0,220.0,260.0,410.0,190.0,170.0,120.0,140.0,140.0,190.0,220.0,180.0,150.0,260.0,200.0,550.0,250.0,230.0,170.0,160.0,180.0,150.0,210.0,210.0,180.0,210.0,220.0,490.0,50.0,10.0,10.0,10.0,10.0,20.0,10.0,10.0,10.0,0.0,20.0,10.0,0.0,10.0,0.0
8216,Venezuela Bolivarian republic of,220.0,180.0,210.0,270.0,400.0,230.0,200.0,230.0,240.0,190.0,240.0,230.0,250.0,220.0,230.0,310.0,310.0,220.0,230.0,210.0,230.0,190.0,200.0,200.0,220.0,220.0,220.0,300.0,260.0,200.0,200.0,190.0,210.0,190.0,180.0,190.0,200.0,210.0,200.0,240.0,250.0,240.0,110.0,0.0,0.0,0.0,10.0,10.0,20.0,10.0,10.0,10.0,10.0,20.0,10.0,10.0,0.0,0.0
8299,South America nec,0.0,0.0,0.0,0.0,0.0,0.0,0.0,0.0,0.0,0.0,0.0,0.0,0.0,0.0,0.0,0.0,0.0,0.0,0.0,0.0,0.0,0.0,0.0,0.0,0.0,0.0,0.0,0.0,0.0,0.0,0.0,0.0,0.0,0.0,0.0,0.0,0.0,0.0,0.0,0.0,0.0,0.0,0.0,0.0,0.0,0.0,0.0,0.0,0.0,0.0,0.0,0.0,0.0,0.0,0.0,0.0,0.0,0.0
8301,Belize,10.0,10.0,0.0,10.0,10.0,0.0,10.0,0.0,0.0,0.0,0.0,0.0,0.0,0.0,10.0,10.0,0.0,0.0,10.0,40.0,0.0,0.0,0.0,10.0,10.0,10.0,10.0,0.0,0.0,10.0,10.0,10.0,10.0,0.0,0.0,10.0,0.0,10.0,10.0,10.0,0.0,0.0,0.0,0.0,0.0,0.0,0.0,0.0,0.0,0.0,0.0,0.0,0.0,0.0,0.0,0.0,0.0,0.0
8302,Costa Rica,60.0,50.0,130.0,50.0,130.0,60.0,50.0,110.0,50.0,50.0,40.0,50.0,60.0,70.0,100.0,70.0,150.0,60.0,70.0,80.0,50.0,70.0,50.0,60.0,60.0,50.0,70.0,80.0,180.0,60.0,110.0,110.0,110.0,60.0,60.0,50.0,50.0,80.0,120.0,80.0,120.0,60.0,50.0,0.0,0.0,0.0,0.0,0.0,0.0,0.0,0.0,0.0,0.0,0.0,0.0,0.0,0.0,10.0
8303,El Salvador,30.0,20.0,40.0,50.0,50.0,30.0,30.0,40.0,30.0,40.0,30.0,40.0,30.0,40.0,40.0,20.0,40.0,40.0,30.0,40.0,40.0,40.0,20.0,30.0,30.0,50.0,50.0,60.0,50.0,40.0,40.0,70.0,30.0,30.0,20.0,30.0,40.0,40.0,50.0,40.0,40.0,60.0,30.0,0.0,0.0,0.0,0.0,0.0,0.0,0.0,0.0,0.0,10.0,0.0,0.0,0.0,0.0,0.0
8304,Guatemala,30.0,20.0,30.0,60.0,50.0,30.0,40.0,40.0,20.0,20.0,30.0,60.0,20.0,30.0,40.0,70.0,60.0,30.0,40.0,30.0,30.0,40.0,20.0,40.0,30.0,40.0,50.0,50.0,70.0,30.0,40.0,60.0,30.0,40.0,40.0,40.0,30.0,80.0,40.0,60.0,80.0,40.0,30.0,0.0,0.0,0.0,0.0,0.0,0.0,0.0,0.0,0.0,10.0,0.0,0.0,0.0,0.0,0.0
8305,Honduras,20.0,20.0,20.0,20.0,20.0,20.0,30.0,20.0,10.0,20.0,20.0,10.0,20.0,10.0,90.0,20.0,40.0,20.0,30.0,30.0,20.0,30.0,20.0,20.0,10.0,20.0,20.0,20.0,30.0,20.0,20.0,40.0,10.0,10.0,30.0,20.0,10.0,20.0,20.0,40.0,20.0,30.0,10.0,0.0,0.0,0.0,10.0,0.0,0.0,0.0,10.0,0.0,0.0,0.0,0.0,0.0,0.0,0.0
8306,Mexico,940.0,710.0,940.0,1380.0,1360.0,800.0,820.0,1210.0,700.0,880.0,1300.0,1100.0,1090.0,960.0,1080.0,1540.0,1790.0,960.0,1120.0,1330.0,800.0,1020.0,1120.0,930.0,1050.0,930.0,1440.0,1820.0,2060.0,1040.0,1100.0,1660.0,1030.0,1090.0,1520.0,1060.0,990.0,1080.0,1420.0,1870.0,1920.0,1200.0,1160.0,180.0,80.0,80.0,170.0,80.0,50.0,40.0,60.0,70.0,40.0,20.0,30.0,20.0,50.0,30.0
8307,Nicaragua,10.0,10.0,10.0,10.0,10.0,10.0,0.0,10.0,0.0,10.0,10.0,10.0,10.0,0.0,10.0,10.0,10.0,20.0,10.0,10.0,10.0,10.0,0.0,10.0,10.0,10.0,20.0,20.0,20.0,10.0,10.0,10.0,10.0,10.0,10.0,10.0,20.0,10.0,20.0,20.0,10.0,20.0,10.0,0.0,0.0,0.0,0.0,0.0,0.0,0.0,0.0,0.0,0.0,0.0,0.0,0.0,0.0,0.0
8308,Panama,20.0,20.0,20.0,30.0,30.0,40.0,20.0,20.0,10.0,10.0,20.0,20.0,10.0,20.0,30.0,40.0,40.0,30.0,20.0,30.0,30.0,60.0,20.0,10.0,20.0,20.0,40.0,30.0,40.0,60.0,40.0,30.0,20.0,30.0,30.0,40.0,20.0,30.0,30.0,30.0,50.0,50.0,20.0,0.0,0.0,0.0,0.0,0.0,0.0,0.0,0.0,10.0,0.0,0.0,0.0,0.0,0.0,0.0
8401,Anguilla,0.0,0.0,0.0,0.0,0.0,0.0,0.0,0.0,0.0,0.0,0.0,0.0,0.0,0.0,0.0,0.0,0.0,0.0,0.0,0.0,0.0,0.0,0.0,0.0,0.0,0.0,0.0,0.0,0.0,0.0,0.0,0.0,0.0,0.0,0.0,0.0,0.0,0.0,0.0,0.0,0.0,0.0,0.0,0.0,0.0,0.0,0.0,0.0,0.0,0.0,0.0,0.0,0.0,0.0,0.0,0.0,0.0,0.0
8402,Antigua and Barbuda,0.0,10.0,0.0,10.0,0.0,0.0,0.0,10.0,10.0,10.0,10.0,0.0,10.0,0.0,10.0,10.0,0.0,0.0,0.0,30.0,0.0,0.0,0.0,0.0,0.0,0.0,0.0,0.0,10.0,0.0,0.0,0.0,10.0,0.0,10.0,0.0,10.0,10.0,0.0,10.0,10.0,0.0,10.0,0.0,0.0,0.0,0.0,0.0,0.0,0.0,0.0,0.0,0.0,0.0,0.0,0.0,0.0,0.0
8403,Aruba,0.0,0.0,0.0,0.0,0.0,0.0,0.0,0.0,0.0,0.0,0.0,0.0,0.0,0.0,0.0,0.0,0.0,0.0,0.0,0.0,0.0,0.0,0.0,0.0,0.0,0.0,0.0,0.0,0.0,0.0,0.0,0.0,0.0,0.0,0.0,0.0,0.0,0.0,0.0,0.0,0.0,0.0,0.0,0.0,0.0,0.0,0.0,0.0,0.0,0.0,0.0,0.0,0.0,0.0,0.0,0.0,0.0,0.0
8404,Bahamas,0.0,10.0,10.0,0.0,0.0,0.0,10.0,10.0,0.0,10.0,20.0,10.0,10.0,40.0,10.0,10.0,10.0,0.0,10.0,80.0,10.0,10.0,10.0,20.0,10.0,30.0,10.0,10.0,10.0,10.0,20.0,10.0,10.0,10.0,10.0,50.0,20.0,0.0,10.0,20.0,10.0,10.0,10.0,0.0,0.0,0.0,0.0,0.0,0.0,0.0,0.0,0.0,0.0,0.0,0.0,0.0,0.0,0.0
8405,Barbados,10.0,10.0,20.0,20.0,20.0,10.0,20.0,10.0,20.0,10.0,10.0,10.0,20.0,20.0,20.0,30.0,20.0,10.0,20.0,90.0,20.0,10.0,30.0,10.0,10.0,20.0,10.0,10.0,20.0,10.0,20.0,30.0,10.0,20.0,10.0,10.0,10.0,30.0,40.0,10.0,20.0,10.0,40.0,0.0,0.0,0.0,0.0,0.0,0.0,0.0,0.0,0.0,0.0,0.0,0.0,0.0,0.0,0.0
8406,Cayman Islands,0.0,0.0,0.0,0.0,0.0,0.0,0.0,0.0,0.0,0.0,0.0,0.0,0.0,0.0,0.0,0.0,0.0,0.0,0.0,0.0,0.0,0.0,0.0,0.0,0.0,0.0,0.0,0.0,0.0,0.0,0.0,0.0,0.0,0.0,0.0,0.0,0.0,0.0,0.0,0.0,0.0,0.0,0.0,0.0,0.0,0.0,0.0,0.0,0.0,0.0,0.0,0.0,0.0,0.0,0.0,0.0,0.0,0.0
8407,Cuba,20.0,20.0,20.0,20.0,20.0,20.0,10.0,10.0,20.0,30.0,20.0,20.0,20.0,20.0,20.0,30.0,30.0,20.0,50.0,20.0,50.0,30.0,20.0,60.0,20.0,40.0,40.0,30.0,40.0,20.0,20.0,30.0,20.0,20.0,30.0,30.0,30.0,20.0,20.0,50.0,20.0,40.0,20.0,0.0,0.0,0.0,0.0,0.0,0.0,0.0,10.0,0.0,0.0,0.0,0.0,0.0,0.0,0.0
8408,Dominica,0.0,10.0,0.0,0.0,0.0,0.0,0.0,10.0,10.0,0.0,0.0,0.0,10.0,10.0,0.0,10.0,10.0,10.0,0.0,20.0,0.0,10.0,0.0,0.0,10.0,10.0,10.0,0.0,10.0,0.0,10.0,10.0,0.0,0.0,10.0,10.0,0.0,0.0,10.0,10.0,0.0,10.0,0.0,0.0,0.0,0.0,0.0,0.0,0.0,0.0,0.0,0.0,0.0,0.0,0.0,0.0,0.0,0.0
8411,Dominican Republic,20.0,10.0,10.0,20.0,30.0,10.0,50.0,20.0,20.0,10.0,20.0,20.0,30.0,80.0,60.0,30.0,30.0,30.0,30.0,30.0,20.0,20.0,20.0,30.0,40.0,20.0,20.0,30.0,40.0,10.0,20.0,70.0,30.0,20.0,20.0,20.0,10.0,20.0,20.0,30.0,30.0,30.0,10.0,0.0,0.0,0.0,0.0,0.0,0.0,0.0,0.0,0.0,0.0,0.0,0.0,0.0,0.0,0.0
8412,Grenada,0.0,0.0,10.0,10.0,0.0,0.0,0.0,10.0,0.0,0.0,10.0,0.0,0.0,10.0,10.0,10.0,10.0,10.0,0.0,30.0,0.0,10.0,10.0,0.0,0.0,10.0,10.0,10.0,10.0,0.0,0.0,10.0,0.0,10.0,0.0,10.0,0.0,0.0,10.0,10.0,10.0,0.0,0.0,0.0,0.0,0.0,0.0,0.0,0.0,0.0,0.0,0.0,0.0,0.0,0.0,0.0,0.0,0.0
8413,Guadeloupe,0.0,0.0,0.0,0.0,0.0,0.0,0.0,0.0,0.0,0.0,0.0,0.0,0.0,0.0,0.0,0.0,0.0,0.0,0.0,0.0,0.0,0.0,0.0,0.0,0.0,0.0,0.0,0.0,0.0,0.0,0.0,0.0,0.0,0.0,0.0,0.0,0.0,0.0,0.0,0.0,0.0,0.0,0.0,0.0,0.0,0.0,0.0,0.0,0.0,0.0,0.0,0.0,0.0,0.0,0.0,0.0,0.0,0.0
8414,Haiti,10.0,10.0,0.0,10.0,10.0,0.0,10.0,10.0,0.0,10.0,0.0,10.0,10.0,0.0,10.0,10.0,10.0,10.0,0.0,0.0,0.0,10.0,10.0,0.0,0.0,10.0,0.0,10.0,0.0,10.0,0.0,0.0,0.0,10.0,10.0,10.0,0.0,10.0,10.0,10.0,10.0,0.0,0.0,0.0,0.0,0.0,0.0,0.0,0.0,0.0,0.0,0.0,0.0,0.0,0.0,0.0,0.0,0.0
8415,Jamaica,40.0,50.0,40.0,60.0,50.0,40.0,40.0,40.0,30.0,30.0,40.0,30.0,30.0,50.0,50.0,50.0,60.0,70.0,80.0,240.0,50.0,30.0,60.0,30.0,30.0,80.0,40.0,70.0,60.0,60.0,50.0,40.0,40.0,50.0,40.0,40.0,50.0,50.0,60.0,50.0,60.0,80.0,60.0,0.0,0.0,0.0,10.0,10.0,0.0,10.0,0.0,0.0,0.0,0.0,0.0,0.0,0.0,0.0
8416,Martinique,0.0,0.0,0.0,0.0,0.0,0.0,0.0,0.0,0.0,0.0,0.0,0.0,0.0,0.0,0.0,0.0,0.0,0.0,0.0,0.0,0.0,0.0,0.0,0.0,0.0,0.0,0.0,0.0,0.0,0.0,0.0,0.0,0.0,0.0,0.0,0.0,0.0,0.0,0.0,0.0,0.0,0.0,0.0,0.0,0.0,0.0,0.0,0.0,0.0,0.0,0.0,0.0,0.0,0.0,0.0,0.0,0.0,0.0
8417,Montserrat,0.0,0.0,0.0,0.0,0.0,0.0,0.0,0.0,0.0,0.0,0.0,0.0,0.0,0.0,0.0,0.0,0.0,0.0,0.0,0.0,0.0,0.0,0.0,0.0,0.0,0.0,0.0,0.0,0.0,0.0,0.0,0.0,0.0,0.0,0.0,0.0,0.0,0.0,0.0,0.0,0.0,0.0,0.0,0.0,0.0,0.0,0.0,0.0,0.0,0.0,0.0,0.0,0.0,0.0,0.0,0.0,0.0,0.0
8421,Puerto Rico,0.0,0.0,0.0,0.0,0.0,0.0,0.0,0.0,0.0,0.0,0.0,0.0,0.0,0.0,0.0,0.0,0.0,0.0,0.0,0.0,0.0,0.0,0.0,0.0,0.0,0.0,0.0,0.0,0.0,0.0,0.0,0.0,0.0,0.0,0.0,0.0,0.0,0.0,0.0,0.0,0.0,0.0,0.0,0.0,0.0,0.0,0.0,0.0,0.0,0.0,0.0,0.0,0.0,0.0,0.0,0.0,0.0,0.0
8422,St Kitts and Nevis,10.0,0.0,10.0,10.0,20.0,20.0,10.0,0.0,10.0,0.0,0.0,10.0,10.0,10.0,10.0,10.0,10.0,10.0,10.0,20.0,10.0,10.0,0.0,10.0,0.0,10.0,10.0,10.0,10.0,20.0,0.0,10.0,10.0,10.0,10.0,10.0,10.0,10.0,10.0,20.0,10.0,0.0,0.0,0.0,0.0,0.0,0.0,0.0,0.0,0.0,0.0,0.0,0.0,0.0,0.0,0.0,0.0,0.0
8423,St Lucia,0.0,10.0,0.0,0.0,10.0,20.0,0.0,0.0,10.0,0.0,0.0,0.0,0.0,0.0,10.0,10.0,10.0,10.0,10.0,30.0,10.0,0.0,10.0,0.0,0.0,10.0,20.0,10.0,0.0,10.0,10.0,10.0,0.0,10.0,10.0,0.0,0.0,0.0,10.0,10.0,0.0,10.0,10.0,0.0,0.0,0.0,0.0,0.0,0.0,0.0,0.0,0.0,0.0,0.0,0.0,0.0,0.0,0.0
8424,St Vincent and the Grenadines,0.0,0.0,10.0,0.0,0.0,10.0,0.0,0.0,0.0,0.0,0.0,10.0,0.0,0.0,10.0,10.0,10.0,10.0,10.0,30.0,0.0,0.0,10.0,0.0,10.0,0.0,0.0,10.0,10.0,0.0,10.0,0.0,0.0,0.0,0.0,0.0,0.0,10.0,0.0,10.0,0.0,0.0,10.0,0.0,0.0,0.0,0.0,0.0,0.0,0.0,0.0,0.0,0.0,0.0,0.0,0.0,0.0,0.0
8425,Trinidad and Tobago,50.0,50.0,50.0,80.0,70.0,120.0,70.0,50.0,30.0,40.0,50.0,80.0,80.0,50.0,80.0,80.0,80.0,50.0,40.0,150.0,50.0,110.0,40.0,60.0,50.0,60.0,60.0,60.0,70.0,50.0,60.0,70.0,50.0,60.0,30.0,40.0,50.0,50.0,60.0,90.0,80.0,60.0,40.0,0.0,0.0,0.0,0.0,0.0,0.0,0.0,0.0,0.0,10.0,0.0,0.0,0.0,0.0,0.0
8426,Turks and Caicos Islands,0.0,0.0,0.0,0.0,0.0,0.0,0.0,0.0,0.0,0.0,0.0,0.0,0.0,0.0,0.0,0.0,0.0,0.0,0.0,0.0,0.0,0.0,0.0,0.0,0.0,0.0,0.0,0.0,0.0,0.0,0.0,0.0,0.0,0.0,0.0,0.0,0.0,0.0,0.0,0.0,0.0,0.0,0.0,0.0,0.0,0.0,0.0,0.0,0.0,0.0,0.0,0.0,0.0,0.0,0.0,0.0,0.0,0.0
8427,"Virgin Islands, British",0.0,0.0,0.0,0.0,0.0,0.0,0.0,0.0,0.0,0.0,0.0,0.0,0.0,0.0,0.0,0.0,0.0,0.0,0.0,0.0,0.0,0.0,0.0,0.0,0.0,0.0,0.0,0.0,0.0,0.0,0.0,0.0,0.0,0.0,0.0,0.0,0.0,0.0,0.0,0.0,0.0,0.0,0.0,0.0,0.0,0.0,0.0,0.0,0.0,0.0,0.0,0.0,0.0,0.0,0.0,0.0,0.0,0.0
8428,"Virgin Islands, US",0.0,0.0,0.0,0.0,0.0,0.0,0.0,0.0,0.0,0.0,0.0,0.0,0.0,0.0,0.0,0.0,0.0,0.0,0.0,0.0,0.0,0.0,0.0,0.0,0.0,0.0,0.0,0.0,0.0,0.0,0.0,0.0,0.0,0.0,0.0,0.0,0.0,0.0,0.0,0.0,0.0,0.0,0.0,0.0,0.0,0.0,0.0,0.0,0.0,0.0,0.0,0.0,0.0,0.0,0.0,0.0,0.0,0.0
8431,St Barthelemy,0.0,0.0,0.0,0.0,0.0,0.0,0.0,0.0,0.0,0.0,0.0,0.0,0.0,0.0,0.0,0.0,0.0,0.0,0.0,0.0,0.0,0.0,0.0,0.0,0.0,0.0,0.0,0.0,0.0,0.0,0.0,0.0,0.0,0.0,0.0,0.0,0.0,0.0,0.0,0.0,0.0,0.0,0.0,0.0,0.0,0.0,0.0,0.0,0.0,0.0,0.0,0.0,0.0,0.0,0.0,0.0,0.0,0.0
8432,St Martin (Fr),0.0,0.0,0.0,0.0,0.0,0.0,0.0,0.0,0.0,0.0,0.0,0.0,0.0,0.0,0.0,0.0,0.0,0.0,0.0,0.0,0.0,0.0,0.0,0.0,0.0,0.0,0.0,0.0,0.0,0.0,0.0,0.0,0.0,0.0,0.0,0.0,0.0,0.0,0.0,0.0,0.0,0.0,0.0,0.0,0.0,0.0,0.0,0.0,0.0,0.0,0.0,0.0,0.0,0.0,0.0,0.0,0.0,0.0
8433,Bonaire/SE/Saba,0.0,0.0,0.0,0.0,0.0,0.0,0.0,0.0,0.0,0.0,0.0,0.0,0.0,0.0,0.0,0.0,0.0,0.0,0.0,0.0,0.0,0.0,0.0,0.0,0.0,0.0,0.0,0.0,0.0,0.0,0.0,0.0,0.0,0.0,0.0,0.0,0.0,0.0,0.0,0.0,0.0,0.0,0.0,0.0,0.0,0.0,0.0,0.0,0.0,0.0,0.0,0.0,0.0,0.0,0.0,0.0,0.0,0.0
8434,Curacao,0.0,0.0,0.0,0.0,0.0,0.0,0.0,0.0,0.0,0.0,0.0,0.0,0.0,0.0,0.0,0.0,0.0,0.0,0.0,0.0,0.0,0.0,0.0,0.0,0.0,0.0,0.0,0.0,0.0,0.0,0.0,0.0,0.0,0.0,0.0,0.0,0.0,0.0,0.0,0.0,0.0,0.0,0.0,0.0,0.0,0.0,0.0,0.0,0.0,0.0,0.0,0.0,0.0,0.0,0.0,0.0,0.0,0.0
8435,Sint Maarten (Dutch part),0.0,0.0,0.0,0.0,0.0,0.0,0.0,0.0,0.0,0.0,0.0,0.0,0.0,0.0,0.0,0.0,0.0,0.0,0.0,0.0,0.0,0.0,0.0,0.0,0.0,0.0,0.0,0.0,0.0,0.0,0.0,0.0,0.0,0.0,0.0,0.0,0.0,0.0,0.0,0.0,0.0,0.0,0.0,0.0,0.0,0.0,0.0,0.0,0.0,0.0,0.0,0.0,0.0,0.0,0.0,0.0,0.0,0.0
9101,Benin,0.0,0.0,0.0,0.0,0.0,0.0,0.0,10.0,0.0,0.0,0.0,0.0,10.0,0.0,0.0,0.0,0.0,0.0,0.0,0.0,0.0,0.0,10.0,0.0,10.0,0.0,0.0,0.0,0.0,10.0,0.0,0.0,0.0,0.0,0.0,0.0,10.0,0.0,10.0,0.0,0.0,0.0,0.0,0.0,0.0,0.0,0.0,0.0,0.0,0.0,0.0,0.0,0.0,0.0,0.0,0.0,0.0,0.0
9102,Burkina Faso,10.0,0.0,0.0,0.0,0.0,0.0,0.0,10.0,0.0,0.0,0.0,0.0,10.0,0.0,0.0,0.0,0.0,0.0,0.0,0.0,0.0,10.0,0.0,0.0,10.0,10.0,10.0,0.0,0.0,0.0,0.0,0.0,0.0,0.0,10.0,0.0,10.0,0.0,0.0,0.0,0.0,0.0,0.0,0.0,0.0,0.0,0.0,0.0,0.0,0.0,0.0,0.0,0.0,0.0,0.0,0.0,0.0,0.0
9103,Cameroon,20.0,10.0,10.0,20.0,20.0,20.0,20.0,10.0,20.0,10.0,30.0,20.0,20.0,20.0,10.0,20.0,10.0,10.0,10.0,100.0,20.0,20.0,20.0,20.0,20.0,10.0,10.0,20.0,10.0,10.0,20.0,10.0,10.0,20.0,10.0,10.0,10.0,10.0,20.0,30.0,20.0,20.0,10.0,0.0,0.0,0.0,0.0,0.0,0.0,0.0,0.0,0.0,0.0,0.0,0.0,0.0,0.0,0.0
9104,Cabo Verde,0.0,0.0,0.0,0.0,0.0,0.0,0.0,0.0,0.0,0.0,0.0,0.0,0.0,0.0,0.0,0.0,0.0,0.0,0.0,0.0,0.0,0.0,0.0,0.0,0.0,0.0,0.0,0.0,0.0,0.0,0.0,0.0,0.0,0.0,0.0,0.0,0.0,0.0,0.0,0.0,0.0,0.0,0.0,0.0,0.0,0.0,0.0,0.0,0.0,0.0,0.0,0.0,0.0,0.0,0.0,0.0,0.0,0.0
9105,Central African Republic,0.0,0.0,0.0,0.0,0.0,0.0,0.0,0.0,0.0,0.0,0.0,0.0,0.0,0.0,0.0,0.0,0.0,0.0,0.0,0.0,0.0,0.0,0.0,0.0,0.0,0.0,0.0,0.0,0.0,0.0,0.0,0.0,0.0,0.0,0.0,0.0,0.0,0.0,0.0,0.0,0.0,0.0,0.0,0.0,0.0,0.0,0.0,0.0,0.0,0.0,0.0,0.0,0.0,0.0,0.0,0.0,0.0,0.0
9106,Chad,0.0,0.0,0.0,0.0,0.0,0.0,0.0,0.0,0.0,0.0,0.0,0.0,0.0,0.0,0.0,0.0,0.0,0.0,0.0,0.0,0.0,0.0,0.0,0.0,0.0,0.0,0.0,0.0,0.0,0.0,0.0,0.0,0.0,0.0,0.0,0.0,0.0,0.0,0.0,0.0,0.0,0.0,0.0,0.0,0.0,0.0,0.0,0.0,0.0,0.0,0.0,0.0,0.0,0.0,0.0,0.0,0.0,0.0
9107,Congo Republic of,0.0,0.0,0.0,0.0,0.0,0.0,0.0,0.0,10.0,0.0,0.0,0.0,0.0,0.0,0.0,10.0,0.0,0.0,0.0,0.0,0.0,10.0,10.0,0.0,10.0,0.0,10.0,10.0,0.0,0.0,0.0,10.0,10.0,10.0,10.0,0.0,0.0,0.0,0.0,10.0,0.0,0.0,0.0,0.0,0.0,0.0,0.0,0.0,0.0,0.0,0.0,0.0,0.0,0.0,0.0,0.0,0.0,0.0
9108,Congo Democratic Republic of,20.0,20.0,20.0,20.0,20.0,10.0,10.0,30.0,30.0,20.0,20.0,10.0,10.0,10.0,20.0,40.0,20.0,10.0,10.0,10.0,20.0,20.0,20.0,30.0,30.0,20.0,30.0,40.0,40.0,20.0,30.0,30.0,10.0,20.0,30.0,30.0,30.0,30.0,40.0,80.0,40.0,20.0,10.0,0.0,0.0,0.0,0.0,0.0,0.0,0.0,0.0,0.0,0.0,0.0,0.0,10.0,0.0,0.0
9111,Cte d'Ivoire,10.0,10.0,10.0,10.0,10.0,10.0,10.0,0.0,10.0,0.0,10.0,10.0,10.0,10.0,10.0,20.0,10.0,10.0,10.0,10.0,0.0,10.0,10.0,20.0,20.0,10.0,10.0,20.0,0.0,0.0,10.0,0.0,10.0,10.0,20.0,10.0,10.0,0.0,10.0,10.0,10.0,0.0,0.0,0.0,0.0,0.0,0.0,0.0,0.0,0.0,0.0,0.0,0.0,0.0,0.0,0.0,0.0,0.0
9112,Equatorial Guinea,0.0,0.0,0.0,0.0,0.0,0.0,0.0,0.0,0.0,0.0,0.0,0.0,0.0,0.0,0.0,0.0,0.0,0.0,0.0,0.0,0.0,0.0,0.0,0.0,0.0,0.0,0.0,0.0,0.0,0.0,0.0,0.0,0.0,0.0,0.0,0.0,0.0,0.0,10.0,0.0,0.0,0.0,0.0,0.0,0.0,0.0,0.0,0.0,0.0,0.0,0.0,0.0,0.0,0.0,0.0,0.0,0.0,0.0
9113,Gabon,0.0,0.0,0.0,0.0,0.0,0.0,0.0,0.0,0.0,0.0,10.0,0.0,0.0,0.0,0.0,10.0,0.0,0.0,0.0,0.0,0.0,0.0,0.0,0.0,0.0,0.0,0.0,0.0,0.0,0.0,0.0,0.0,0.0,0.0,0.0,0.0,10.0,0.0,0.0,0.0,0.0,0.0,0.0,0.0,0.0,0.0,0.0,0.0,0.0,0.0,0.0,0.0,0.0,0.0,0.0,0.0,0.0,0.0
9114,Gambia,0.0,0.0,0.0,10.0,0.0,0.0,0.0,0.0,0.0,0.0,0.0,0.0,0.0,0.0,0.0,0.0,0.0,0.0,0.0,20.0,0.0,0.0,10.0,0.0,0.0,0.0,10.0,0.0,0.0,0.0,0.0,0.0,0.0,0.0,0.0,0.0,0.0,10.0,10.0,10.0,0.0,10.0,0.0,0.0,0.0,0.0,0.0,0.0,0.0,0.0,0.0,0.0,0.0,0.0,0.0,0.0,0.0,0.0
9115,Ghana,120.0,90.0,130.0,130.0,120.0,70.0,90.0,100.0,90.0,110.0,150.0,110.0,160.0,130.0,110.0,200.0,120.0,70.0,100.0,230.0,100.0,80.0,110.0,120.0,120.0,110.0,270.0,190.0,100.0,90.0,90.0,100.0,110.0,110.0,150.0,120.0,130.0,120.0,150.0,200.0,150.0,70.0,70.0,0.0,0.0,0.0,0.0,10.0,20.0,20.0,30.0,40.0,20.0,20.0,20.0,10.0,10.0,20.0
9116,Guinea,0.0,10.0,10.0,0.0,0.0,0.0,0.0,10.0,10.0,0.0,10.0,10.0,10.0,10.0,10.0,20.0,0.0,0.0,10.0,0.0,10.0,10.0,10.0,0.0,10.0,10.0,10.0,0.0,10.0,0.0,0.0,0.0,10.0,10.0,0.0,10.0,10.0,0.0,10.0,10.0,10.0,10.0,0.0,0.0,0.0,0.0,0.0,0.0,0.0,0.0,0.0,0.0,0.0,0.0,0.0,0.0,0.0,0.0
9117,Guinea-Bissau,0.0,0.0,0.0,0.0,0.0,0.0,0.0,0.0,0.0,0.0,0.0,0.0,0.0,0.0,0.0,0.0,0.0,0.0,0.0,0.0,0.0,0.0,0.0,0.0,0.0,0.0,0.0,0.0,0.0,0.0,0.0,0.0,0.0,0.0,0.0,0.0,0.0,0.0,0.0,0.0,0.0,0.0,0.0,0.0,0.0,0.0,0.0,0.0,0.0,0.0,0.0,0.0,0.0,0.0,0.0,0.0,0.0,0.0
9118,Liberia,10.0,10.0,10.0,30.0,10.0,10.0,10.0,0.0,10.0,10.0,10.0,10.0,10.0,10.0,10.0,20.0,10.0,10.0,10.0,10.0,10.0,10.0,10.0,10.0,10.0,10.0,10.0,30.0,10.0,10.0,0.0,10.0,10.0,10.0,10.0,10.0,10.0,10.0,10.0,30.0,10.0,10.0,0.0,0.0,0.0,0.0,0.0,0.0,0.0,0.0,0.0,0.0,0.0,0.0,10.0,0.0,0.0,0.0
9121,Mali,10.0,0.0,0.0,0.0,10.0,0.0,10.0,0.0,0.0,10.0,0.0,10.0,20.0,0.0,10.0,10.0,10.0,0.0,10.0,0.0,10.0,0.0,0.0,0.0,20.0,0.0,10.0,10.0,0.0,0.0,0.0,0.0,0.0,0.0,0.0,10.0,20.0,0.0,0.0,0.0,0.0,0.0,10.0,0.0,0.0,0.0,0.0,0.0,0.0,0.0,0.0,0.0,0.0,0.0,0.0,0.0,0.0,0.0
9122,Mauritania,0.0,0.0,0.0,0.0,0.0,0.0,0.0,0.0,0.0,0.0,0.0,0.0,0.0,0.0,0.0,0.0,0.0,0.0,0.0,0.0,0.0,0.0,0.0,0.0,0.0,0.0,0.0,0.0,0.0,0.0,0.0,0.0,0.0,0.0,0.0,0.0,0.0,0.0,0.0,0.0,0.0,0.0,0.0,0.0,0.0,0.0,0.0,0.0,0.0,0.0,0.0,0.0,0.0,0.0,0.0,0.0,0.0,0.0
9123,Niger,10.0,0.0,0.0,0.0,0.0,0.0,0.0,0.0,0.0,0.0,0.0,0.0,10.0,20.0,0.0,0.0,0.0,0.0,0.0,0.0,0.0,0.0,0.0,0.0,10.0,0.0,0.0,0.0,0.0,0.0,0.0,0.0,0.0,0.0,0.0,0.0,0.0,0.0,0.0,0.0,0.0,0.0,0.0,0.0,0.0,0.0,0.0,0.0,0.0,0.0,0.0,0.0,0.0,0.0,0.0,0.0,0.0,0.0
9124,Nigeria,220.0,210.0,280.0,480.0,270.0,230.0,230.0,230.0,220.0,230.0,260.0,230.0,340.0,450.0,290.0,600.0,260.0,240.0,280.0,460.0,230.0,250.0,330.0,320.0,370.0,290.0,920.0,790.0,360.0,240.0,260.0,410.0,300.0,340.0,370.0,360.0,340.0,310.0,370.0,770.0,370.0,320.0,150.0,10.0,0.0,0.0,10.0,10.0,60.0,70.0,60.0,80.0,40.0,30.0,30.0,40.0,20.0,30.0
9125,Sao Tom and Principe,0.0,0.0,0.0,0.0,0.0,0.0,0.0,0.0,0.0,0.0,0.0,0.0,0.0,0.0,0.0,0.0,0.0,0.0,0.0,0.0,0.0,0.0,0.0,0.0,0.0,0.0,0.0,0.0,0.0,0.0,0.0,0.0,0.0,0.0,0.0,0.0,0.0,0.0,0.0,0.0,0.0,0.0,0.0,0.0,0.0,0.0,0.0,0.0,0.0,0.0,0.0,0.0,0.0,0.0,0.0,0.0,0.0,0.0
9126,Senegal,10.0,10.0,10.0,10.0,10.0,0.0,0.0,10.0,10.0,0.0,10.0,10.0,10.0,10.0,10.0,10.0,10.0,0.0,20.0,10.0,10.0,10.0,10.0,10.0,10.0,10.0,10.0,10.0,0.0,10.0,10.0,0.0,10.0,10.0,10.0,10.0,10.0,10.0,10.0,10.0,10.0,10.0,0.0,0.0,0.0,0.0,0.0,0.0,0.0,0.0,0.0,0.0,0.0,0.0,0.0,0.0,0.0,0.0
9127,Sierra Leone,10.0,10.0,20.0,40.0,10.0,10.0,10.0,30.0,10.0,10.0,10.0,10.0,10.0,10.0,20.0,40.0,10.0,10.0,10.0,50.0,10.0,10.0,10.0,10.0,10.0,10.0,10.0,40.0,10.0,10.0,10.0,20.0,10.0,10.0,10.0,10.0,10.0,10.0,30.0,40.0,20.0,10.0,10.0,0.0,0.0,0.0,0.0,0.0,0.0,0.0,0.0,0.0,0.0,0.0,0.0,0.0,0.0,0.0
9128,Togo,0.0,0.0,0.0,0.0,10.0,0.0,10.0,0.0,0.0,0.0,0.0,0.0,0.0,0.0,0.0,0.0,10.0,0.0,0.0,0.0,0.0,0.0,0.0,0.0,10.0,0.0,10.0,0.0,0.0,0.0,0.0,0.0,0.0,0.0,0.0,0.0,0.0,0.0,0.0,0.0,0.0,0.0,0.0,0.0,0.0,0.0,0.0,0.0,0.0,0.0,0.0,0.0,0.0,0.0,0.0,0.0,0.0,0.0
9201,Angola,10.0,20.0,0.0,0.0,0.0,0.0,0.0,30.0,10.0,0.0,10.0,0.0,0.0,0.0,0.0,10.0,0.0,0.0,10.0,0.0,0.0,0.0,0.0,0.0,10.0,10.0,0.0,0.0,0.0,0.0,0.0,0.0,10.0,10.0,0.0,0.0,10.0,10.0,0.0,0.0,10.0,0.0,0.0,0.0,0.0,0.0,0.0,0.0,0.0,0.0,0.0,0.0,0.0,0.0,0.0,0.0,0.0,0.0
9202,Botswana,50.0,40.0,70.0,130.0,80.0,50.0,50.0,70.0,50.0,90.0,70.0,40.0,80.0,40.0,70.0,150.0,90.0,40.0,50.0,100.0,60.0,50.0,70.0,50.0,60.0,80.0,80.0,150.0,100.0,40.0,40.0,70.0,50.0,60.0,90.0,60.0,80.0,80.0,90.0,130.0,130.0,50.0,30.0,0.0,0.0,0.0,0.0,10.0,0.0,0.0,10.0,10.0,0.0,0.0,0.0,0.0,0.0,0.0
9203,Burundi,0.0,0.0,0.0,10.0,10.0,0.0,0.0,0.0,10.0,10.0,10.0,10.0,0.0,10.0,10.0,20.0,10.0,0.0,10.0,10.0,10.0,10.0,0.0,10.0,10.0,10.0,10.0,10.0,20.0,10.0,0.0,10.0,0.0,10.0,10.0,20.0,0.0,10.0,10.0,30.0,10.0,10.0,0.0,0.0,0.0,0.0,0.0,0.0,0.0,0.0,0.0,10.0,0.0,0.0,0.0,0.0,0.0,0.0
9204,Comoros,0.0,0.0,0.0,0.0,0.0,0.0,0.0,0.0,0.0,0.0,0.0,10.0,0.0,0.0,0.0,0.0,10.0,0.0,0.0,0.0,0.0,0.0,0.0,10.0,0.0,0.0,0.0,0.0,0.0,0.0,0.0,0.0,0.0,10.0,0.0,0.0,10.0,0.0,0.0,0.0,0.0,0.0,0.0,0.0,0.0,0.0,0.0,0.0,0.0,0.0,0.0,0.0,0.0,0.0,0.0,0.0,0.0,0.0
9205,Djibouti,0.0,0.0,0.0,0.0,0.0,0.0,0.0,0.0,0.0,0.0,0.0,0.0,10.0,0.0,0.0,0.0,0.0,0.0,0.0,0.0,0.0,0.0,0.0,0.0,0.0,0.0,0.0,0.0,0.0,0.0,0.0,0.0,0.0,0.0,0.0,0.0,0.0,0.0,0.0,0.0,0.0,0.0,0.0,0.0,0.0,0.0,0.0,0.0,0.0,0.0,0.0,0.0,0.0,0.0,0.0,0.0,0.0,0.0
9206,Eritrea,30.0,10.0,30.0,30.0,20.0,20.0,10.0,20.0,10.0,10.0,20.0,20.0,20.0,20.0,40.0,50.0,30.0,10.0,10.0,20.0,10.0,20.0,20.0,30.0,20.0,20.0,60.0,60.0,50.0,20.0,20.0,40.0,20.0,20.0,40.0,30.0,40.0,10.0,40.0,80.0,40.0,30.0,10.0,0.0,0.0,0.0,0.0,0.0,0.0,0.0,0.0,0.0,0.0,0.0,0.0,0.0,10.0,0.0
9207,Ethiopia,70.0,40.0,80.0,110.0,80.0,70.0,70.0,100.0,50.0,70.0,70.0,100.0,120.0,60.0,140.0,160.0,150.0,70.0,70.0,100.0,60.0,60.0,100.0,110.0,120.0,70.0,150.0,150.0,160.0,80.0,110.0,80.0,70.0,90.0,80.0,100.0,120.0,90.0,100.0,240.0,120.0,50.0,50.0,0.0,0.0,0.0,10.0,20.0,10.0,20.0,10.0,10.0,20.0,10.0,10.0,10.0,0.0,0.0
9208,Kenya,430.0,460.0,560.0,1050.0,700.0,490.0,420.0,480.0,420.0,450.0,450.0,400.0,500.0,390.0,640.0,1050.0,880.0,480.0,480.0,830.0,430.0,420.0,530.0,500.0,480.0,460.0,650.0,1300.0,870.0,540.0,460.0,720.0,420.0,590.0,550.0,460.0,510.0,540.0,750.0,1350.0,900.0,560.0,310.0,10.0,0.0,10.0,10.0,100.0,40.0,60.0,50.0,60.0,60.0,40.0,30.0,20.0,10.0,30.0
9211,Lesotho,10.0,0.0,0.0,10.0,10.0,0.0,0.0,10.0,10.0,0.0,10.0,0.0,10.0,0.0,20.0,10.0,10.0,0.0,0.0,50.0,0.0,0.0,0.0,0.0,10.0,10.0,10.0,10.0,0.0,0.0,0.0,0.0,0.0,0.0,10.0,0.0,10.0,0.0,10.0,10.0,10.0,0.0,0.0,0.0,0.0,0.0,0.0,0.0,0.0,0.0,0.0,0.0,0.0,0.0,0.0,0.0,0.0,0.0
9212,Madagascar,20.0,10.0,10.0,10.0,10.0,10.0,30.0,10.0,10.0,10.0,20.0,10.0,20.0,10.0,20.0,20.0,20.0,10.0,10.0,10.0,10.0,20.0,10.0,20.0,10.0,20.0,10.0,10.0,10.0,20.0,10.0,10.0,10.0,20.0,10.0,10.0,10.0,20.0,20.0,20.0,10.0,0.0,10.0,0.0,0.0,0.0,0.0,10.0,0.0,0.0,0.0,0.0,10.0,0.0,0.0,0.0,0.0,0.0
9213,Malawi,20.0,60.0,20.0,30.0,30.0,20.0,20.0,10.0,10.0,20.0,30.0,20.0,30.0,30.0,20.0,80.0,30.0,10.0,30.0,60.0,20.0,20.0,20.0,30.0,40.0,50.0,40.0,70.0,30.0,20.0,30.0,40.0,20.0,20.0,20.0,30.0,30.0,30.0,40.0,60.0,30.0,30.0,10.0,0.0,0.0,0.0,0.0,0.0,0.0,10.0,10.0,10.0,10.0,0.0,0.0,0.0,0.0,0.0
9214,Mauritius,550.0,680.0,910.0,1440.0,1650.0,820.0,850.0,880.0,680.0,680.0,820.0,690.0,640.0,610.0,940.0,1400.0,1490.0,790.0,790.0,1030.0,730.0,720.0,830.0,850.0,730.0,730.0,1000.0,1520.0,1470.0,780.0,810.0,770.0,740.0,760.0,770.0,710.0,640.0,750.0,930.0,1440.0,1530.0,830.0,520.0,0.0,0.0,150.0,10.0,290.0,60.0,70.0,50.0,40.0,30.0,40.0,0.0,10.0,20.0,0.0
9215,Mayotte,0.0,0.0,0.0,0.0,0.0,0.0,0.0,0.0,0.0,0.0,0.0,0.0,0.0,0.0,0.0,0.0,0.0,0.0,0.0,0.0,0.0,0.0,0.0,0.0,0.0,0.0,0.0,0.0,0.0,0.0,0.0,0.0,0.0,0.0,0.0,0.0,0.0,0.0,0.0,0.0,0.0,0.0,0.0,0.0,0.0,0.0,0.0,0.0,0.0,0.0,0.0,0.0,0.0,0.0,0.0,0.0,0.0,0.0
9216,Mozambique,10.0,30.0,20.0,40.0,40.0,10.0,20.0,20.0,10.0,10.0,20.0,20.0,20.0,20.0,20.0,40.0,40.0,20.0,10.0,70.0,10.0,20.0,30.0,30.0,20.0,20.0,50.0,30.0,60.0,20.0,20.0,20.0,20.0,30.0,30.0,20.0,20.0,20.0,30.0,40.0,50.0,10.0,0.0,0.0,0.0,0.0,0.0,10.0,0.0,0.0,10.0,10.0,10.0,0.0,0.0,0.0,0.0,0.0
9217,Namibia,30.0,20.0,30.0,40.0,70.0,30.0,20.0,30.0,90.0,30.0,30.0,20.0,20.0,30.0,40.0,50.0,70.0,20.0,30.0,100.0,50.0,30.0,40.0,20.0,40.0,30.0,40.0,40.0,40.0,30.0,40.0,20.0,40.0,20.0,30.0,30.0,30.0,40.0,40.0,30.0,60.0,30.0,20.0,0.0,0.0,0.0,0.0,0.0,0.0,0.0,0.0,0.0,0.0,0.0,0.0,0.0,0.0,0.0
9218,Reunion,0.0,0.0,0.0,0.0,0.0,0.0,0.0,0.0,0.0,0.0,0.0,0.0,0.0,0.0,0.0,0.0,0.0,0.0,0.0,0.0,0.0,0.0,0.0,0.0,0.0,0.0,0.0,0.0,0.0,0.0,0.0,0.0,0.0,0.0,0.0,0.0,0.0,0.0,0.0,0.0,0.0,0.0,0.0,0.0,0.0,0.0,0.0,0.0,0.0,0.0,0.0,0.0,0.0,0.0,0.0,0.0,0.0,0.0
9221,Rwanda,10.0,10.0,20.0,10.0,10.0,10.0,10.0,0.0,10.0,10.0,10.0,10.0,10.0,10.0,10.0,10.0,10.0,10.0,10.0,40.0,10.0,10.0,10.0,10.0,20.0,10.0,20.0,20.0,10.0,10.0,20.0,10.0,10.0,10.0,20.0,10.0,20.0,10.0,10.0,10.0,10.0,10.0,10.0,0.0,0.0,0.0,0.0,0.0,0.0,0.0,0.0,0.0,0.0,0.0,0.0,0.0,0.0,0.0
9222,St Helena,0.0,0.0,0.0,0.0,0.0,0.0,0.0,0.0,0.0,0.0,0.0,0.0,0.0,0.0,0.0,0.0,0.0,0.0,0.0,0.0,0.0,0.0,0.0,0.0,0.0,0.0,0.0,0.0,0.0,0.0,0.0,0.0,0.0,0.0,0.0,0.0,0.0,0.0,0.0,0.0,0.0,0.0,0.0,0.0,0.0,0.0,0.0,0.0,0.0,0.0,0.0,0.0,0.0,0.0,0.0,0.0,0.0,0.0
9223,Seychelles,30.0,30.0,30.0,70.0,90.0,30.0,30.0,40.0,30.0,30.0,40.0,30.0,20.0,20.0,30.0,70.0,90.0,30.0,40.0,100.0,30.0,50.0,30.0,30.0,40.0,20.0,30.0,60.0,90.0,30.0,30.0,20.0,40.0,40.0,30.0,20.0,30.0,40.0,40.0,80.0,80.0,40.0,20.0,0.0,0.0,0.0,10.0,10.0,0.0,0.0,0.0,0.0,0.0,0.0,0.0,0.0,0.0,0.0
9224,Somalia,10.0,10.0,10.0,20.0,10.0,10.0,10.0,10.0,10.0,10.0,20.0,10.0,10.0,10.0,10.0,20.0,20.0,20.0,10.0,10.0,10.0,10.0,20.0,20.0,10.0,20.0,20.0,30.0,20.0,20.0,20.0,30.0,10.0,20.0,20.0,10.0,20.0,20.0,30.0,30.0,30.0,20.0,10.0,0.0,0.0,0.0,0.0,0.0,0.0,0.0,10.0,0.0,10.0,0.0,0.0,0.0,0.0,0.0
9225,South Africa,5190.0,5510.0,5330.0,7230.0,10010.0,4410.0,4990.0,7190.0,4990.0,4260.0,6030.0,4390.0,5140.0,5890.0,5360.0,7560.0,10610.0,4560.0,5900.0,7030.0,5170.0,4660.0,6220.0,4760.0,5810.0,6150.0,5660.0,8430.0,10860.0,4930.0,5610.0,7100.0,5430.0,4840.0,6160.0,4930.0,5720.0,6230.0,5910.0,8610.0,11530.0,5040.0,4320.0,330.0,180.0,390.0,130.0,170.0,140.0,230.0,230.0,190.0,110.0,100.0,120.0,130.0,210.0,180.0
9226,Eswatini,10.0,0.0,0.0,10.0,0.0,0.0,10.0,10.0,10.0,0.0,0.0,0.0,10.0,10.0,10.0,0.0,10.0,0.0,10.0,30.0,0.0,0.0,10.0,0.0,0.0,0.0,0.0,10.0,10.0,0.0,0.0,10.0,10.0,10.0,10.0,0.0,10.0,0.0,10.0,10.0,0.0,0.0,0.0,0.0,0.0,0.0,0.0,0.0,0.0,0.0,0.0,0.0,0.0,0.0,0.0,0.0,0.0,0.0
9227,Tanzania,70.0,60.0,70.0,150.0,80.0,50.0,60.0,80.0,50.0,50.0,80.0,40.0,70.0,60.0,90.0,140.0,80.0,90.0,80.0,90.0,50.0,70.0,90.0,50.0,90.0,80.0,90.0,100.0,90.0,60.0,70.0,60.0,60.0,90.0,70.0,50.0,70.0,60.0,110.0,130.0,100.0,40.0,60.0,0.0,0.0,0.0,10.0,10.0,10.0,10.0,10.0,10.0,10.0,10.0,10.0,0.0,0.0,0.0
9228,Uganda,80.0,70.0,70.0,150.0,70.0,30.0,50.0,60.0,60.0,60.0,50.0,70.0,50.0,100.0,70.0,130.0,70.0,40.0,60.0,220.0,50.0,70.0,110.0,60.0,100.0,100.0,150.0,130.0,80.0,40.0,50.0,70.0,80.0,70.0,60.0,40.0,80.0,80.0,90.0,140.0,70.0,40.0,30.0,0.0,0.0,0.0,0.0,10.0,0.0,10.0,10.0,20.0,0.0,10.0,0.0,10.0,10.0,0.0
9231,Zambia,110.0,80.0,110.0,160.0,110.0,100.0,110.0,80.0,100.0,100.0,110.0,100.0,120.0,110.0,110.0,160.0,130.0,90.0,90.0,180.0,80.0,100.0,120.0,100.0,140.0,100.0,150.0,200.0,160.0,60.0,80.0,70.0,80.0,110.0,80.0,90.0,110.0,120.0,120.0,180.0,180.0,80.0,50.0,0.0,0.0,10.0,10.0,10.0,20.0,10.0,20.0,20.0,0.0,10.0,0.0,0.0,0.0,0.0
9232,Zimbabwe,420.0,370.0,510.0,830.0,610.0,370.0,360.0,530.0,450.0,360.0,440.0,400.0,450.0,460.0,510.0,820.0,720.0,360.0,440.0,460.0,320.0,410.0,480.0,500.0,560.0,380.0,520.0,960.0,770.0,400.0,390.0,580.0,380.0,420.0,490.0,480.0,520.0,490.0,560.0,900.0,820.0,450.0,250.0,0.0,0.0,20.0,40.0,20.0,50.0,50.0,70.0,60.0,30.0,20.0,20.0,20.0,10.0,20.0
9299,"S & E Afr, nec",0.0,0.0,0.0,0.0,0.0,0.0,0.0,0.0,0.0,0.0,0.0,0.0,0.0,0.0,0.0,0.0,0.0,0.0,0.0,0.0,0.0,0.0,0.0,0.0,0.0,0.0,0.0,0.0,0.0,0.0,0.0,0.0,0.0,0.0,0.0,0.0,0.0,0.0,0.0,0.0,0.0,0.0,0.0,0.0,0.0,0.0,0.0,0.0,0.0,0.0,0.0,0.0,0.0,0.0,0.0,0.0,0.0,0.0
0000,Inadequately Described,1340.0,4440.0,1750.0,650.0,240.0,470.0,1190.0,1440.0,770.0,950.0,3910.0,1960.0,2880.0,3210.0,660.0,660.0,350.0,460.0,700.0,650.0,750.0,740.0,1590.0,1660.0,1490.0,2700.0,1850.0,690.0,310.0,370.0,840.0,950.0,1020.0,820.0,3060.0,2310.0,2470.0,3290.0,1630.0,500.0,310.0,590.0,630.0,130.0,100.0,80.0,130.0,180.0,270.0,1050.0,100.0,420.0,120.0,100.0,90.0,290.0,130.0,200.0
